fold,dev_pos,y,Unified
1,6,1,0.7536751549953218
1,8,0,0.003908718400857092
1,9,0,0.03980336169008285
1,18,0,0.014868944435291116
1,19,0,0.007890392761329006
1,22,0,0.022563244637157157
1,26,0,0.0003009787357157021
1,37,1,0.9999325278646058
1,38,0,0.041800169927147746
1,43,1,0.9999995096666869
1,56,0,0.03529020350625926
1,57,0,0.0004930639664767083
1,67,0,0.017183420628706467
1,68,0,0.004148339629629774
1,70,1,0.9833825660910027
1,77,0,0.005728511897674042
1,83,1,0.9659599231442402
1,90,1,0.9999809822158382
1,109,0,0.01964137435140861
1,112,0,0.00038416932256956564
1,114,0,0.14602837415459957
1,115,0,0.05472491146421546
1,117,0,0.0008049318929676566
1,137,0,0.09882121474538197
1,146,1,0.9997781134733544
1,150,1,0.520013107999636
1,152,0,0.0029880808030027686
1,153,0,0.04065896145487944
1,162,0,0.14665772528076015
1,166,0,0.03136390073564247
1,173,0,0.055177876921363965
1,175,1,0.9329661199436122
1,181,0,0.044887010773767534
1,183,1,0.9999999974559788
1,184,1,0.9999416267461184
1,188,1,0.999998975440435
1,191,1,0.5293823281792669
1,200,0,0.004758555123925683
1,206,0,0.008707762445477218
1,214,1,0.999986468414385
1,232,0,0.0008134418899769068
1,237,1,0.9964272530980991
1,246,0,0.0034470685374488664
1,267,0,0.34878499080607417
1,268,0,0.017811052594511743
1,269,0,0.000127302052301693
1,273,1,0.9999429769829917
1,278,0,0.00024201115670550598
1,283,0,0.01030349269307901
1,289,0,0.1396632728419891
1,294,0,0.01760402400928588
1,308,0,0.014779514617261914
1,310,1,0.9999857615079317
1,318,1,0.9999385880875988
1,319,1,0.9969346900585699
1,322,0,0.042984260842771904
1,325,1,0.9188704284011806
1,327,1,0.9999999727292455
1,329,0,0.0008359437013371851
1,332,0,0.1364189592113497
1,333,1,0.9945473891066451
1,336,0,0.09005916306393784
1,341,1,0.8316443133892053
1,350,0,0.0017658400693595297
1,352,1,0.9999984195921348
1,358,0,0.04484297336511241
1,365,0,0.01578157204860734
1,369,1,0.6432508727633537
1,373,0,0.00022343951549053437
1,380,0,0.00022745190496284445
1,387,0,0.0038083284465362157
1,388,0,0.1193481832649168
1,393,1,0.9999999999509037
1,395,1,0.9985882851714587
1,401,0,0.07434540056738712
1,410,1,0.9984742087284683
1,414,0,0.0038897433965554623
1,417,0,0.0021393695295456607
1,419,0,0.0003999006445339307
1,420,0,0.00316615571553088
1,423,1,0.9873722482026782
1,424,0,0.00045890555610301147
1,427,0,0.013387487582105919
1,430,0,0.02318090931820521
1,435,1,0.9453268135636381
1,438,1,0.9870317885654463
1,439,1,0.9999999143143582
1,443,0,0.00013621561003058353
1,445,0,0.003856516863534106
1,453,0,0.0009483197957411268
1,454,0,0.003973768127833682
1,456,1,0.9999997336601014
1,459,0,0.0003849217110576594
1,470,1,0.9891775473597062
1,471,1,0.92017199041763
1,475,0,0.003062880641017398
1,482,1,0.9999999999970874
2,3,0,0.0005835736513263235
2,13,0,0.0156827316945779
2,14,1,0.9999988626560126
2,20,0,0.004920925745736246
2,25,0,0.008748530986814846
2,40,1,0.9979692433724812
2,44,1,0.9999999994783428
2,47,0,0.0006423088805070239
2,49,0,0.00021976688979417677
2,62,1,0.4229764521469793
2,65,0,0.000997749599444678
2,66,0,0.0002503905828934682
2,72,0,0.0017211656166816868
2,74,0,0.6173810989295843
2,76,0,1.0876803451630102e-05
2,80,0,0.007444197672648017
2,88,0,0.0028240808606020975
2,89,0,6.555025993348486e-05
2,96,0,0.004436916665589853
2,101,1,0.9999998523265115
2,106,0,0.2433242140374804
2,110,0,0.0035326106444796856
2,111,1,0.9999999429586723
2,122,0,0.10092298113666776
2,130,0,2.4934608282800884e-05
2,131,0,0.008649323207102665
2,132,0,0.06675304728880278
2,135,1,0.9999999999862135
2,141,0,0.00019472177659398519
2,143,1,0.968591682999518
2,145,1,0.9999999999999849
2,151,0,0.46101093927050085
2,156,0,0.001084085670929704
2,158,0,0.0010174992249151176
2,170,0,0.028585804922915528
2,171,0,0.01849419400795084
2,172,0,0.021256409402165242
2,186,0,0.009194582401382049
2,190,0,0.2740129501883368
2,217,0,9.166058466433707e-05
2,221,0,0.005466079600994498
2,222,1,0.9996928703228761
2,224,1,0.9999982366575245
2,226,1,0.9982032516249689
2,229,1,0.5541575314762095
2,233,0,0.001794495862035238
2,236,0,0.003324646450591401
2,240,1,0.3330954909508568
2,244,0,0.5415792712413026
2,248,0,0.0010135309906036593
2,250,0,3.8581697701462856e-05
2,252,1,0.9999999998249778
2,254,1,0.9999999974934324
2,255,1,0.980526992967482
2,261,0,0.00020797923448971894
2,264,0,0.037214392257163956
2,277,1,0.9999375910947139
2,279,0,0.00511390617419861
2,285,0,0.20008448362851305
2,291,1,0.7652420624265857
2,297,0,0.0016438000713436575
2,300,1,0.938370776534639
2,301,0,0.0017604264392129484
2,304,0,0.04564670711016268
2,306,1,0.9808201779232304
2,312,0,0.5931723230912964
2,326,1,0.9999995167367425
2,331,1,0.7868097956089706
2,335,1,0.9898425527529271
2,337,1,0.2134627547873506
2,344,0,0.0004798330178040476
2,345,1,0.9877547020904973
2,351,0,0.15908494862083694
2,354,0,0.006098848199073803
2,355,1,0.996537164604279
2,356,1,0.999999998619179
2,376,0,0.014058047863568051
2,377,0,0.1681336090883062
2,389,0,0.005452808086917289
2,390,1,0.8449006061794733
2,391,1,0.9999984642157569
2,399,1,0.9999999999216349
2,413,1,0.9882501452485523
2,415,0,0.06684490856599948
2,421,0,0.00023345621275694937
2,426,0,0.09220388435484132
2,431,0,0.1708736203896886
2,432,1,0.9999882941267975
2,436,1,0.9999862611452335
2,446,1,0.9999999887994567
2,447,1,0.9906114542696143
2,468,0,0.040235614128632774
2,469,0,6.504616501011184e-05
2,473,0,0.03340732091972023
2,477,0,0.0002786736917214112
2,478,0,0.011731096300340992
2,480,0,0.25749488758335615
3,0,0,0.004649094029421385
3,1,1,0.9999999999989202
3,4,1,0.9999995824558383
3,10,1,0.9999986236906897
3,16,1,0.9444106873568786
3,23,0,0.0010418688698858307
3,28,0,0.022721091832975188
3,33,0,0.049928200980620396
3,34,1,0.999999351061159
3,39,0,0.013032338937516773
3,42,1,0.9586128226842592
3,50,0,0.007706064194054395
3,52,1,0.9999999925341817
3,55,1,0.9963359439416117
3,61,1,0.9999999748136911
3,63,0,0.004187912747125051
3,75,0,0.5322796702031038
3,84,1,0.9975237873151375
3,93,1,0.99067885955289
3,103,0,0.013400071433780678
3,107,0,7.384136910354238e-05
3,113,0,0.0006645364813173812
3,119,1,0.999999625624135
3,121,1,0.9999361176095979
3,127,0,0.0006071727851452936
3,128,0,0.01451473077589763
3,134,0,0.00026234977898735427
3,138,0,0.01173049932630913
3,139,1,0.958940070131979
3,147,1,0.9999993046880247
3,148,0,0.0015440683538481906
3,149,0,0.0026578235000279888
3,154,0,0.00010634635833841976
3,155,0,0.09766402082962439
3,159,1,0.692613531041711
3,164,1,0.9489197123824389
3,165,1,0.999999357518466
3,167,0,0.0004974890332083252
3,176,0,0.011892430119218924
3,177,0,0.047774244275254854
3,189,0,0.0030309629775087535
3,196,0,0.009398292184070858
3,197,1,0.9971414037524171
3,202,1,0.9829625329616483
3,205,0,0.0008902429517846488
3,208,1,0.9999999283338357
3,209,0,0.0028846852357517
3,210,1,0.9999686353003567
3,211,1,0.9910376583637476
3,213,0,0.01725249650667006
3,220,0,0.0005119340830940917
3,227,0,0.00015018625628503802
3,230,0,0.03902185726219106
3,231,0,0.011494672741573037
3,234,0,0.04177192967693101
3,235,0,0.0013148994650255834
3,239,1,0.9999980111045892
3,243,0,0.011727131225628101
3,253,0,0.117658120415842
3,258,0,0.007824096989813699
3,266,0,0.07206761302544959
3,270,1,0.9997005254520337
3,271,0,0.00012200747971384064
3,272,1,0.992377259037287
3,275,0,0.0023605961833363153
3,288,0,0.0034210207125795187
3,292,0,0.04412250385166901
3,302,0,0.05136752035099637
3,307,1,0.10531002601139527
3,309,1,0.9976355755437094
3,311,1,0.9999995656459446
3,314,0,0.033237607370586335
3,317,1,0.999891759442538
3,334,0,0.006879353987518565
3,339,0,0.000975947250055843
3,343,0,0.003666766132903539
3,346,0,0.0006161095964250321
3,347,0,0.010553626884720998
3,363,0,0.005403914136169513
3,366,0,4.256402702484309e-06
3,367,1,0.9999999991011228
3,371,0,0.016578446500721315
3,383,1,0.9999997264087932
3,400,0,0.004903927095339965
3,405,1,0.9999999918862619
3,407,1,0.9999270602601165
3,408,0,3.9108437676886465e-05
3,418,1,0.9901423842600652
3,433,0,6.016906590172838e-05
3,440,0,0.0009556230006343138
3,448,0,0.10022197450295814
3,452,0,2.6328241811031427e-05
3,460,0,0.12589521068584664
3,462,1,0.9999772163373267
3,465,0,0.010844292949619149
3,466,0,0.4790406828456556
3,467,0,0.277745418233897
4,2,0,0.022922846952770675
4,11,1,0.9999992257800234
4,15,0,0.0031225972809982173
4,21,1,0.9999992630597232
4,29,0,4.980472250503085e-05
4,46,1,0.9872954188394294
4,48,0,0.0010942185968985296
4,51,1,0.9999999855426648
4,54,0,0.0037715840203148693
4,59,1,0.9999958019772666
4,60,1,0.9869356264647029
4,69,1,0.9868650620909096
4,73,1,0.9999999999994964
4,82,0,0.0007783270395083974
4,85,0,0.00034759660232061204
4,92,0,0.0007190746860753688
4,94,0,0.0008515802969721128
4,98,0,0.2772848153726268
4,100,1,0.9999994668150425
4,102,0,0.31042431975597634
4,104,0,0.025579174544492413
4,105,0,0.0011779723351533235
4,118,1,0.29746590029716546
4,120,0,0.0002882686989599171
4,126,0,6.312682275511471e-05
4,133,1,0.9999999999999643
4,142,1,0.9999999989493724
4,144,1,0.9138849461415475
4,157,1,0.9999999999999725
4,160,1,0.1164821622398224
4,161,0,5.524158750733581e-05
4,178,0,2.3193616525688367e-05
4,182,1,0.0042271443180673645
4,185,0,0.0011320656182395152
4,187,0,0.001270385795050089
4,194,0,0.0003683998326945802
4,198,0,0.03519511282923364
4,199,0,0.04681366413361128
4,201,0,0.00013039854587231672
4,204,0,0.039959954114788296
4,207,0,0.1322097322491039
4,212,1,0.9999960296672568
4,216,1,0.9999826859214973
4,218,1,0.8695515639633027
4,219,1,0.9999999998556461
4,238,0,0.012338152881938468
4,245,1,0.9924315359078177
4,256,0,0.000597434660891561
4,259,0,0.012887060370484319
4,260,0,0.014272607837099098
4,262,1,0.7910862657420639
4,263,0,0.0002552825076145566
4,265,0,0.2564031253581632
4,274,0,0.13607690217791116
4,276,0,1.4534836144550157e-06
4,280,0,0.06676655635824165
4,282,0,2.3531289234384085e-06
4,287,0,0.018731952132863626
4,293,0,0.030607072377480025
4,298,1,0.9999999999999849
4,303,1,0.9999981001424172
4,305,1,0.9966626316891072
4,313,1,0.9999006764253049
4,316,0,0.0007347379052167974
4,320,1,0.9999995581090818
4,324,0,0.0006793285633895669
4,330,0,0.00122721657264444
4,338,0,0.0005348745950615025
4,340,0,0.0016727945033183458
4,357,1,0.9999999998631366
4,361,1,0.9999999996741697
4,362,0,0.0004525467833812444
4,364,1,0.9999997712640241
4,370,0,0.00015640358846324016
4,372,1,0.999810501861249
4,378,0,0.027608506378477848
4,379,0,0.25728847812488975
4,385,0,0.0004573845714129858
4,394,0,0.3347425100235243
4,397,0,0.9364384516030398
4,398,1,0.9999998635752503
4,402,1,0.9303609895739429
4,404,0,0.0019158135619718997
4,409,0,0.3428431935160431
4,411,0,0.0047859068132411415
4,416,1,0.9999808526701961
4,422,0,0.1381049913583537
4,425,1,0.99999991794439
4,429,0,9.452795706659751e-05
4,449,0,0.10675370430128335
4,451,0,0.017922259339597582
4,455,1,0.9945533919787004
4,457,0,0.0006393790077253008
4,463,0,0.08625684488483931
4,472,0,0.009737974649309792
4,476,0,2.3566727273280234e-07
5,5,0,0.005972092985078215
5,7,1,0.9387405049728808
5,12,1,0.9999999969787698
5,17,0,0.0006180465306436693
5,24,1,0.9886960040116798
5,27,1,0.9999407521262447
5,30,0,0.002255600341544082
5,31,0,0.0020610067612200703
5,32,1,0.9999929997728918
5,35,0,0.005006637563199015
5,36,0,0.006485372100341958
5,41,0,0.0018990981380160228
5,45,0,0.004152376102325656
5,53,0,0.004679835281067812
5,58,1,0.9999392657431543
5,64,1,0.978353511686056
5,71,1,0.999989601392556
5,78,0,0.000521677697782248
5,79,0,0.0025844891947438713
5,81,0,0.00015873847023729253
5,86,1,0.9999993852644338
5,87,0,0.13207226809632452
5,91,1,0.9959989263138583
5,95,0,0.004165222648742743
5,97,0,0.029968420086406593
5,99,1,0.9999723819013797
5,108,1,0.9999579577351341
5,116,0,0.008324040164751054
5,123,0,0.000232375940878921
5,124,0,0.012234566117810094
5,125,1,0.9757965185420763
5,129,0,0.01104687613342642
5,136,0,0.14912071278379013
5,140,1,0.9999389201071248
5,163,1,0.9805420185539157
5,168,0,0.0015590529987104791
5,169,0,0.02747340432991308
5,174,1,0.695685805718363
5,179,1,0.8687982515423581
5,180,0,2.7521215606426192e-05
5,192,0,0.10904922814465855
5,193,0,0.0007560692089475469
5,195,0,0.00032280496148397094
5,203,0,0.00011815923328925072
5,215,1,0.9999998590935477
5,223,0,0.0008976787503675129
5,225,0,0.01842889535995424
5,228,1,0.9979098436203411
5,241,1,0.999999999917802
5,242,0,0.0010289656531108523
5,247,1,0.7351446079806618
5,249,0,0.00013182324982644655
5,251,1,0.9967522370434538
5,257,1,0.9768339536821635
5,281,1,0.9999930746301463
5,284,1,0.9971534213120193
5,286,1,0.999999910176443
5,290,0,0.004419761991000287
5,295,0,0.14597808944542673
5,296,0,0.0005668216596013997
5,299,0,0.23923773364999137
5,315,0,0.0004790322153370478
5,321,0,0.10448694397805575
5,323,0,0.11109917443982939
5,328,0,0.01141779295811578
5,342,0,0.038162756663652875
5,348,1,0.9999992740142185
5,349,0,0.0052816495796911105
5,353,0,0.00023817668780578243
5,359,1,0.995891640351771
5,360,1,0.9997283175894003
5,368,0,0.016313783935380303
5,374,0,0.09293596259093054
5,375,1,0.5710929319901271
5,381,0,0.000993397826365845
5,382,0,0.017869330302911365
5,384,0,0.003208280898023838
5,386,1,0.9999999999976046
5,392,0,0.0006361371771519372
5,396,0,0.3400647823601899
5,403,1,0.9966359763962992
5,406,1,0.4939897391196709
5,412,0,0.011855963710581764
5,428,0,0.00018494321966199548
5,434,1,0.9999983583870982
5,437,0,0.010307125880984407
5,441,0,0.3647922332755358
5,442,0,0.004459497104958533
5,444,1,0.999999997806196
5,450,0,0.5363655508711969
5,458,0,0.004504492193022361
5,461,0,0.0009079549681367503
5,464,0,0.0004633866075722065
5,474,0,0.00038219715085494667
5,479,0,0.03457626691137327
5,481,1,0.999993218633578
6,2,0,0.026077670314320962
6,7,1,0.88763220397806
6,16,1,0.928025804105767
6,27,1,0.9999100459006413
6,28,0,0.024568497072200088
6,39,0,0.021414031813376855
6,52,1,0.9999999743005832
6,56,0,0.026944049330013087
6,64,1,0.9836201715088744
6,66,0,0.0014172883007085818
6,71,1,0.9999922796622078
6,72,0,0.0010577234230012657
6,77,0,0.003057583129531677
6,89,0,4.7547065057365417e-05
6,104,0,0.010972022409823931
6,106,0,0.10914141368028227
6,107,0,6.0249861721052105e-05
6,112,0,0.0001669391819961265
6,114,0,0.16808931515568598
6,118,1,0.1809914903968435
6,121,1,0.9999312182917215
6,122,0,0.10975354535241194
6,130,0,7.47798529432225e-05
6,131,0,0.003418892094998487
6,141,0,0.00023315630335231147
6,150,1,0.45160947995266987
6,152,0,0.0020581308230834972
6,154,0,0.00015508719526434133
6,158,0,0.0006246494353410496
6,159,1,0.6287633317940371
6,160,1,0.0924667088258419
6,163,1,0.9891188285426709
6,167,0,0.0006513646417351456
6,169,0,0.015552555465308645
6,174,1,0.7266535631089
6,177,0,0.03086828564072469
6,180,0,1.4093082873382128e-05
6,183,1,0.999999999132095
6,193,0,0.00036145701333094163
6,195,0,0.0001823926834185871
6,203,0,4.43336551391816e-05
6,206,0,0.0041601051378768045
6,211,1,0.9841710872094709
6,217,0,0.00018067934147709006
6,223,0,0.0004706471423912472
6,224,1,0.9999958828848653
6,230,0,0.027522979152260624
6,232,0,0.0005257740337360645
6,236,0,0.001605930659863787
6,237,1,0.997871046894463
6,238,0,0.010025462134303432
6,244,0,0.4806012697713854
6,251,1,0.9940618898900938
6,253,0,0.13721477964826495
6,264,0,0.022295158828510103
6,269,0,5.146637727151795e-05
6,272,1,0.9913141969888
6,276,0,7.95917567135539e-06
6,279,0,0.002914344745194088
6,281,1,0.9999961620426513
6,284,1,0.9959882233635785
6,286,1,0.9999999772161848
6,291,1,0.660028588271899
6,302,0,0.11367308575391866
6,307,1,0.1081136587740687
6,313,1,0.9997425009000878
6,318,1,0.9999467464488041
6,324,0,0.001662254065738646
6,328,0,0.006395560484750927
6,332,0,0.1452790438772123
6,343,0,0.003084058731334512
6,345,1,0.9734254812226733
6,369,1,0.5684378772908915
6,373,0,0.00011890951273859404
6,377,0,0.12187561751598758
6,378,0,0.039972871902791106
6,381,0,0.0005452011431630718
6,386,1,0.9999999999978173
6,388,0,0.08652762311255918
6,393,1,0.9999999999894964
6,398,1,0.9999941113831601
6,403,1,0.9998042001530639
6,404,0,0.003065255611953229
6,407,1,0.9999373382248367
6,410,1,0.9997852075954846
6,412,0,0.0036000174208016752
6,415,0,0.08153448080909248
6,422,0,0.0797451533553637
6,430,0,0.013333575108088577
6,436,1,0.9999810237191468
6,437,0,0.01151520445791
6,446,1,0.9999999848646837
6,448,0,0.06047500903008597
6,472,0,0.02913256733691959
6,476,0,2.0651007958463053e-06
6,478,0,0.018573985741988232
6,479,0,0.02687628539836822
7,6,1,0.896390054466271
7,13,0,0.012188892055004208
7,19,0,0.0026840694238116245
7,26,0,8.085863713904093e-05
7,30,0,0.002210532405912007
7,32,1,0.999995570318594
7,43,1,0.9999999818438832
7,45,0,0.0019486389903311213
7,46,1,0.9927767155056599
7,47,0,0.000652131181356555
7,53,0,0.0033453275172325167
7,55,1,0.999444241422409
7,68,0,0.0016946941752306868
7,75,0,0.5102192771766465
7,80,0,0.006610825321405479
7,81,0,4.4283220500174986e-05
7,82,0,0.0019424706222240084
7,87,0,0.09871499922470259
7,92,0,0.00014931306072753353
7,96,0,0.00636465674158544
7,98,0,0.2182784950039397
7,101,1,0.9999999828777134
7,111,1,0.9999999832228095
7,120,0,0.00025693494839999786
7,128,0,0.009576259142044512
7,135,1,0.9999999999993798
7,137,0,0.03551493281146245
7,142,1,0.9999999995227704
7,147,1,0.9999998523507487
7,149,0,0.002177638957017038
7,153,0,0.0440912133803668
7,157,1,0.9999999999998233
7,162,0,0.20555432430274131
7,164,1,0.9687961499376129
7,165,1,0.999999778827606
7,170,0,0.029182648764153718
7,176,0,0.018797526645392686
7,182,1,0.0027060838932899817
7,186,0,0.016053165459676937
7,189,0,0.0014638145246274928
7,194,0,0.00023259319956157236
7,196,0,0.010879738734442486
7,200,0,0.0016859006856700352
7,204,0,0.04993050267302897
7,212,1,0.9999963763631181
7,214,1,0.9999987825956849
7,215,1,0.999999962802228
7,221,0,0.011741391979075515
7,222,1,0.9999316149636243
7,226,1,0.9998934997509379
7,241,1,0.9999999999935807
7,248,0,0.0006808098150084443
7,249,0,6.825244510373505e-05
7,252,1,0.9999999999871205
7,254,1,0.9999999999300249
7,266,0,0.09098493539192845
7,267,0,0.5145642093030637
7,270,1,0.9999180893620779
7,277,1,0.9999948606630756
7,290,0,0.0009837557087147833
7,294,0,0.014136273635845473
7,297,0,0.0008346551987584965
7,300,1,0.9691438640396258
7,304,0,0.047071312969229645
7,312,0,0.7593825481461101
7,314,0,0.022127423789989182
7,327,1,0.9999999965096305
7,347,0,0.014925323910630913
7,356,1,0.9999999998319256
7,357,1,0.9999999999200906
7,361,1,0.9999999986646335
7,365,0,0.01134139578342031
7,367,1,0.9999999998435944
7,375,1,0.6808005215338839
7,376,0,0.02100367081532238
7,390,1,0.8201401038122431
7,394,0,0.46815986298525847
7,396,0,0.22884819326317277
7,399,1,0.9999999999903388
7,400,0,0.0014158948718284653
7,401,0,0.052520412086343976
7,416,1,0.9999961811364874
7,417,0,0.0006398463808806685
7,420,0,0.00046208973500023315
7,423,1,0.9975953742076472
7,427,0,0.0018243766061203362
7,428,0,1.8750235331485793e-05
7,445,0,0.001587255549897905
7,449,0,0.07151481393629505
7,459,0,0.00013734086136487638
7,460,0,0.11543013320659976
7,463,0,0.09580313318377677
7,464,0,0.0002590460773325747
7,466,0,0.5699139702085898
7,468,0,0.02743784875488154
7,475,0,0.0022514379920353673
7,482,1,0.9999999999999487
8,4,1,0.9999992375039403
8,18,0,0.012791594650352466
8,21,1,0.999995525913138
8,22,0,0.03632015132494911
8,24,1,0.9841315410588397
8,29,0,0.001191885193859872
8,34,1,0.9999982820201455
8,35,0,0.0625181588784105
8,37,1,0.9999583788825284
8,44,1,0.9999999974599666
8,49,0,0.001904682609512534
8,59,1,0.9999866868668821
8,67,0,0.027199529673958937
8,79,0,0.013038019024490725
8,84,1,0.994342132134866
8,86,1,0.9999987615647801
8,97,0,0.09709590098118333
8,99,1,0.9999622289037238
8,108,1,0.9999470111417339
8,119,1,0.9999991942100611
8,126,0,0.0009182265641739512
8,134,0,0.0009062669982588945
8,136,0,0.27600757908799317
8,138,0,0.02649051837806139
8,144,1,0.8807188088475484
8,146,1,0.9968016869327245
8,151,0,0.5078741340595788
8,155,0,0.12914512268470155
8,172,0,0.054952226480255384
8,202,1,0.9732237178722787
8,219,1,0.9999999962356743
8,229,1,0.5966210018176461
8,231,0,0.022174832129380942
8,233,0,0.006578534470875138
8,234,0,0.05850775321214399
8,235,0,0.006102448497796202
8,242,0,0.0032964646983649443
8,246,0,0.002206679321081746
8,250,0,0.0006966057861158589
8,255,1,0.9786908324971758
8,259,0,0.03482194923352243
8,260,0,0.04323594966604828
8,262,1,0.603201807321773
8,263,0,0.0034555646568101184
8,265,0,0.31006886550143986
8,268,0,0.017051140180096083
8,275,0,0.004696039336839781
8,278,0,0.0003462888276428431
8,280,0,0.10597200139591384
8,283,0,0.0055030226604421365
8,285,0,0.48766167875467786
8,293,0,0.057529643277141246
8,296,0,0.0032524555442245587
8,301,0,0.005196169124896286
8,309,1,0.9951581914821841
8,311,1,0.9999995203556092
8,316,0,0.0005187644034645219
8,319,1,0.9827580417518247
8,322,0,0.0874433258787429
8,323,0,0.1361449546095712
8,326,1,0.999998914442774
8,333,1,0.9958153941180272
8,334,0,0.03632822446287979
8,336,0,0.13419269864463526
8,338,0,0.009376015563510904
8,340,0,0.010314976349884762
8,342,0,0.042983293600077035
8,344,0,0.007369501086120443
8,351,0,0.2319361811548774
8,352,1,0.9999988087867607
8,359,1,0.990182681871876
8,360,1,0.9662071039005782
8,362,0,0.0029000642189180377
8,363,0,0.01995105524633036
8,368,0,0.02884298188088756
8,370,0,0.0014178503404491181
8,372,1,0.9855787132657725
8,374,0,0.07496011149734041
8,383,1,0.9999994423847661
8,385,0,0.0036149346376931624
8,387,0,0.005253183270497511
8,389,0,0.01381468943022082
8,391,1,0.9999990503227489
8,397,0,0.4785091847343971
8,406,1,0.8707633855118329
8,408,0,0.0002996603476107663
8,431,0,0.2047647808523419
8,432,1,0.9999922445499365
8,435,1,0.8903344612944433
8,439,1,0.9999999411716456
8,442,0,0.011273147685623899
8,443,0,0.0013214293699717738
8,450,0,0.4674589343018597
8,453,0,0.0015161840358467469
8,456,1,0.9999998855919205
8,462,1,0.9999749519246023
8,480,0,0.1533715485098525
9,3,0,0.0013084435906525833
9,8,0,0.00298873995741586
9,11,1,0.9999966040484427
9,12,1,0.9999999984707753
9,14,1,0.9999992850080623
9,20,0,0.004131658352768378
9,25,0,0.007606005924533475
9,31,0,0.001787613939695947
9,36,0,0.004562350321038687
9,40,1,0.9981188930199548
9,42,1,0.9395954293714079
9,50,0,0.009627738560480364
9,51,1,0.9999999528483554
9,54,0,0.01892217890225278
9,61,1,0.9999999860199629
9,62,1,0.5307873043509823
9,63,0,0.005374073141407276
9,74,0,0.5714541090149485
9,76,0,3.029166128177341e-05
9,78,0,0.0003005065929830102
9,85,0,0.00018774973179408968
9,93,1,0.9864213059861657
9,94,0,0.002559051559409848
9,95,0,0.002289546349861046
9,100,1,0.9999941693398693
9,102,0,0.28009447162421364
9,103,0,0.011265236675173158
9,105,0,0.002877876775922527
9,116,0,0.0087224931038218
9,123,0,0.00019222630919000274
9,127,0,0.0006284251017709142
9,132,0,0.05438823032762645
9,133,1,0.9999999999994189
9,139,1,0.955663130600525
9,143,1,0.9445943454734991
9,148,0,0.0014198904309247668
9,166,0,0.02447178041710356
9,185,0,0.0015911272666629674
9,187,0,0.0026271605721947117
9,191,1,0.49260399230418717
9,192,0,0.15006113048233385
9,198,0,0.03666039813717907
9,207,0,0.12475348209797875
9,208,1,0.9999999578100969
9,209,0,0.0032535445294798212
9,210,1,0.9999776611614867
9,213,0,0.024048277775779066
9,216,1,0.9999745849150056
9,220,0,0.000402807307503
9,225,0,0.018917006527232463
9,243,0,0.00544652689380171
9,245,1,0.9833985661476757
9,256,0,0.0014372274397851127
9,257,1,0.9845031935376486
9,271,0,0.00017885836297964672
9,273,1,0.999969379961934
9,282,0,8.60165608479586e-06
9,292,0,0.03869061160235396
9,298,1,0.9999999999999849
9,303,1,0.9999921594734674
9,306,1,0.9685966780957507
9,308,0,0.008386790706691774
9,315,0,0.00044093299999824393
9,320,1,0.9999963187181158
9,325,1,0.9432198823974349
9,329,0,0.0003784851624278696
9,330,0,0.002374775897058004
9,331,1,0.7071246022730424
9,335,1,0.9915187908062741
9,346,0,0.0006303679778847317
9,348,1,0.9999995563282458
9,354,0,0.007354753064725574
9,364,1,0.9999990778521435
9,371,0,0.016791926049358048
9,382,0,0.022713040468014728
9,384,0,0.0034446523882986414
9,395,1,0.9999730405281491
9,409,0,0.5038327302510365
9,411,0,0.006513267957804497
9,414,0,0.0022733769919099033
9,418,1,0.993480796035638
9,419,0,0.00020898015149985568
9,424,0,0.00022469293549823042
9,440,0,0.0011418789148135529
9,441,0,0.28211982963800697
9,444,1,0.9999999992488964
9,447,1,0.9924767298516488
9,451,0,0.029895038159824243
9,452,0,2.9556748093284696e-05
9,455,1,0.9943233453958813
9,458,0,0.006375355877112252
9,461,0,0.0007660764080109377
9,469,0,9.263342060642208e-05
9,471,1,0.9502426822903753
9,473,0,0.0305240416568206
9,481,1,0.9999952813028361
10,0,0,0.004692727464412459
10,1,1,0.9999999999993909
10,5,0,0.002447724709445465
10,9,0,0.04015580827474856
10,10,1,0.9999955639461977
10,15,0,0.008410649653518669
10,17,0,0.00033646013556259854
10,23,0,0.0012143878758471608
10,33,0,0.03383443682047452
10,38,0,0.021304313240656274
10,41,0,0.0005846171077814882
10,48,0,0.0023808436045234683
10,57,0,0.00031747945528631794
10,58,1,0.9999374231642737
10,60,1,0.9899116190245438
10,65,0,0.0021541889803006957
10,69,1,0.9693344753820009
10,70,1,0.9921907388844804
10,73,1,0.9999999978956704
10,83,1,0.9764762435134493
10,88,0,0.0029698689684682263
10,90,1,0.9999920139590495
10,91,1,0.9949115779162286
10,109,0,0.024829536770547746
10,110,0,0.0032172048773729776
10,113,0,0.0006398743956722839
10,115,0,0.057738443584890685
10,117,0,0.00035524098880005024
10,124,0,0.005095213096055673
10,125,1,0.983569349365476
10,129,0,0.005480811446536172
10,140,1,0.9999428152518003
10,145,1,0.9999999999999849
10,156,0,0.00042133635326795874
10,161,0,0.0001457256153184361
10,168,0,0.0007321841481880663
10,171,0,0.01679218147462723
10,173,0,0.06786070924639594
10,175,1,0.9566439782819197
10,178,0,8.496043491176418e-05
10,179,1,0.8889037009932527
10,181,0,0.049383955250250196
10,184,1,0.9997407128135924
10,188,1,0.999999276637833
10,190,0,0.22150441420067132
10,197,1,0.9940840635762169
10,199,0,0.08697759868845625
10,201,0,0.00044275924974905296
10,205,0,0.0011486147122976046
10,218,1,0.9128402214056542
10,227,0,0.00014881999171779638
10,228,1,0.995938172212341
10,239,1,0.9999978423263941
10,240,1,0.07157207475230311
10,247,1,0.6701979421546764
10,258,0,0.008061856787690006
10,261,0,0.0002943101090534983
10,274,0,0.08706511734365559
10,287,0,0.021005354054337143
10,288,0,0.003712361760015964
10,289,0,0.07619418565980018
10,295,0,0.11719732071357386
10,299,0,0.09696190271744717
10,305,1,0.992159646364853
10,310,1,0.9999978813929208
10,317,1,0.9978482480331268
10,321,0,0.07665607905204205
10,337,1,0.14967482408147026
10,339,0,0.0010140107396035907
10,341,1,0.8638837075595698
10,349,0,0.00457515453912484
10,350,0,0.0013680818040233101
10,353,0,0.00014820264391125212
10,355,1,0.9948250215867644
10,358,0,0.03371722733179296
10,366,0,6.497892142726179e-06
10,379,0,0.00016115295020102525
10,380,0,0.00014209528415874
10,392,0,0.0005815172472438748
10,402,1,0.9206458443452091
10,405,1,0.9999999761189864
10,413,1,0.9870784386706128
10,421,0,0.00031584607702345245
10,425,1,0.9999991721285983
10,426,0,0.10553748488974247
10,429,0,0.0001406330503426737
10,433,0,9.504898044379134e-05
10,434,1,0.9999982932173415
10,438,1,0.9949748978204611
10,454,0,0.003963535091806416
10,457,0,0.0003098064114886199
10,465,0,0.02840322676521147
10,467,0,0.26035437006350726
10,470,1,0.9928831774413382
10,474,0,0.00027245895639318833
10,477,0,0.00038957809438848207
11,13,0,0.013463262119470371
11,14,1,0.9999986018092994
11,15,0,0.0032587018841245506
11,17,0,0.0030354998565004163
11,22,0,0.03800133924002168
11,32,1,0.9999869954286174
11,41,0,0.0024143849234914425
11,45,0,0.0069802400792606184
11,49,0,0.0016354848019581281
11,50,0,0.021655955556845012
11,51,1,0.9999999387588491
11,52,1,0.9999999951950655
11,61,1,0.9999996433683704
11,65,0,0.002216541711821401
11,68,0,0.0058363195670683155
11,71,1,0.9999920101682502
11,88,0,0.006793291206020282
11,94,0,0.011981827897039287
11,97,0,0.0401038394041045
11,111,1,0.9999997449712368
11,114,0,0.325203873769248
11,116,0,0.005745739794190784
11,119,1,0.9999973472089163
11,124,0,0.014518390798642962
11,126,0,0.0005695186474688851
11,129,0,0.005013092595362487
11,136,0,0.19827254636263691
11,140,1,0.9999106545982661
11,141,0,0.001932679125604869
11,145,1,0.9999999999999849
11,149,0,0.004436546160909546
11,160,1,0.1253160240725488
11,164,1,0.9435641286089393
11,165,1,0.999997495696989
11,166,0,0.08570467191333855
11,167,0,0.0011838791592161122
11,169,0,0.025784395561404796
11,172,0,0.03461214619701776
11,174,1,0.4820017708690676
11,175,1,0.9575445679753016
11,177,0,0.03957670517078919
11,178,0,0.00019932745760877963
11,185,0,0.0054378337725230754
11,188,1,0.999998521203844
11,190,0,0.1924129136516271
11,198,0,0.07012824125842984
11,207,0,0.26660532196887876
11,210,1,0.9976826588830264
11,211,1,0.99334493599507
11,227,0,0.0035109305767017877
11,236,0,0.00383444086972428
11,237,1,0.9998264295760091
11,245,1,0.9800121233289316
11,247,1,0.6150601219079955
11,248,0,0.00248286600054007
11,252,1,0.9999999997742337
11,256,0,0.0024925981150918613
11,260,0,0.014916230139932079
11,270,1,0.9871712609726262
11,271,0,0.0002584577096328076
11,274,0,0.14904918180288912
11,275,0,0.0033971582348118305
11,276,0,4.794101894297851e-05
11,280,0,0.0799257626549024
11,288,0,0.004997750506642093
11,312,0,0.6688752948711407
11,313,1,0.9986417903717575
11,320,1,0.9999947232590689
11,327,1,0.9999999642128653
11,328,0,0.009432506238232519
11,332,0,0.1561957649151021
11,333,1,0.9978277088775092
11,334,0,0.013369748558125252
11,336,0,0.057208492366519
11,338,0,0.006598098882905353
11,357,1,0.9999999841641751
11,360,1,0.9999151618346915
11,364,1,0.999998155221666
11,371,0,0.016383202149625978
11,382,0,0.04091705498473831
11,398,1,0.9999981909214037
11,403,1,0.998333881709585
11,406,1,0.04799809140853915
11,414,0,0.005332829795673932
11,419,0,0.0006028648735721439
11,427,0,0.004100059889454847
11,434,1,0.9999971758371714
11,435,1,0.7491050287344914
11,441,0,0.48485616138309684
11,445,0,0.009459780128048085
11,450,0,0.6543372328752881
11,458,0,0.007065308418323478
11,466,0,0.30698861066924216
11,467,0,0.13715381199064264
11,468,0,0.06718710100219259
11,477,0,0.0009367130518397595
11,482,1,0.9999999999988363
12,1,1,0.9999999999998113
12,5,0,0.0024157936274208655
12,7,1,0.8951053917429921
12,8,0,0.0016098093679014227
12,11,1,0.9999967710606547
12,29,0,0.00043568426096819035
12,34,1,0.999999030679612
12,35,0,0.00753573783660012
12,37,1,0.999986005549121
12,39,0,0.00752108884945602
12,42,1,0.9089224570215784
12,43,1,0.9999994444348588
12,54,0,0.007088695638344194
12,62,1,0.2822833425922468
12,72,0,0.002735267487993721
12,77,0,0.00605445126154959
12,78,0,0.0009744932167563723
12,82,0,0.007174534558813651
12,87,0,0.09308299234698951
12,90,1,0.9999929247971147
12,93,1,0.9615465178164079
12,106,0,0.14344140114627618
12,109,0,0.03018481553660622
12,110,0,0.007298299649303747
12,122,0,0.08909585558403388
12,134,0,0.0005501966882266301
12,135,1,0.9999999999972722
12,147,1,0.9999989939518985
12,152,0,0.0010482807910426218
12,162,0,0.37375031602748743
12,171,0,0.03595365698816996
12,181,0,0.080109339842309
12,187,0,0.002083329891010156
12,192,0,0.12700920722483
12,194,0,0.001777125440135081
12,202,1,0.9635669462237559
12,204,0,0.06212464644516668
12,205,0,0.004012256538201596
12,206,0,0.0021605914148570366
12,209,0,0.00562586464871536
12,215,1,0.9999999517610704
12,220,0,0.0012448886220965414
12,223,0,0.001157511262594288
12,226,1,0.998145853371965
12,228,1,0.9982056472119036
12,230,0,0.06040177624312074
12,234,0,0.05257345321118012
12,241,1,0.9999999999707125
12,243,0,0.008968285049589561
12,255,1,0.9796254050240955
12,257,1,0.9586529170900004
12,261,0,0.00032221628717820657
12,279,0,0.006795571716669813
12,282,0,6.843783528305431e-05
12,283,0,0.0030268129621504867
12,284,1,0.9961911609656033
12,287,0,0.028001715736248496
12,289,0,0.17251276280432498
12,293,0,0.10298312718885139
12,305,1,0.9587905090314363
12,308,0,0.0047351443070328455
12,314,0,0.044222120102095
12,325,1,0.9505349976160491
12,326,1,0.9999995210732856
12,337,1,0.23145461541314571
12,340,0,0.005911010281487918
12,348,1,0.9999997581931163
12,349,0,0.003760676723532666
12,356,1,0.9999999979809829
12,367,1,0.9999999925623837
12,368,0,0.021754052106087503
12,372,1,0.9899974000357042
12,377,0,0.3037792326007921
12,379,0,0.0019709374210364955
12,383,1,0.999999629761791
12,384,0,0.0022895141601292496
12,385,0,0.0013299994299799786
12,386,1,0.9999999999994456
12,395,1,0.9999797792416896
12,396,0,0.5349909831825341
12,405,1,0.9999999933241016
12,417,0,0.004449273568708188
12,422,0,0.2762177806147239
12,438,1,0.9727023915131874
12,440,0,0.002351179339456803
12,444,1,0.9999999995853899
12,448,0,0.09361261170256464
12,452,0,3.650817323735553e-05
12,454,0,0.007761749549666246
12,456,1,0.9999999579467997
12,457,0,0.0005514539315352296
12,469,0,0.0006538890910925335
12,470,1,0.9921482645167055
12,474,0,0.0007633671695636828
12,475,0,0.005527405174469144
12,476,0,7.183200098146967e-06
12,480,0,0.17679077977478574
13,2,0,0.0424066165204809
13,4,1,0.999999307466553
13,10,1,0.9999984288661657
13,23,0,0.0011008191648394505
13,27,1,0.9999401115002707
13,33,0,0.028457254638792392
13,36,0,0.0033980709385856966
13,44,1,0.999999998947271
13,53,0,0.003291898099113526
13,55,1,0.99671077434853
13,56,0,0.02734233276420544
13,57,0,0.0003728157668389185
13,58,1,0.9999533546368623
13,60,1,0.9838286615782847
13,63,0,0.00520176314159901
13,67,0,0.010308113731062062
13,73,1,0.9999999998144851
13,76,0,4.463898941456529e-05
13,89,0,8.234571068103763e-05
13,95,0,0.0032528802747851873
13,96,0,0.003272076123537257
13,101,1,0.9999998588345864
13,102,0,0.2338355090085334
13,104,0,0.010681725443313472
13,107,0,7.244500948203627e-05
13,108,1,0.9999487486190448
13,112,0,0.00025611012421644414
13,113,0,0.000892147108770873
13,120,0,0.0007813778015964889
13,123,0,0.0003311376211119785
13,125,1,0.9756654261056368
13,133,1,0.9999999999989833
13,137,0,0.09717583758715959
13,138,0,0.020979198804998534
13,139,1,0.9391099512468717
13,151,0,0.37583524417305647
13,154,0,0.0001335375353789547
13,157,1,0.9999999999943758
13,183,1,0.9999999991865895
13,184,1,0.9999586075502749
13,191,1,0.48708991257896467
13,193,0,0.00048164466627313317
13,197,1,0.9929457151187434
13,199,0,0.035725656178367524
13,200,0,0.003332523785301741
13,214,1,0.9999908004376779
13,217,0,0.00023067434900471165
13,219,1,0.9999999973736331
13,222,1,0.9996112804150217
13,225,0,0.01415253547473596
13,229,1,0.5243618729615309
13,231,0,0.012244093227228595
13,235,0,0.0019017672892294984
13,244,0,0.5680110371538875
13,246,0,0.0011495152759374225
13,259,0,0.017826383726307383
13,262,1,0.7174713021127058
13,264,0,0.02432794737324684
13,268,0,0.009813420256440759
13,285,0,0.34968329039159407
13,290,0,0.0019125713550096051
13,291,1,0.676865304626554
13,294,0,0.009194048659806886
13,304,0,0.04285281149265713
13,306,1,0.9728597145870275
13,310,1,0.9999884379663914
13,311,1,0.9999998201337199
13,329,0,0.00029317267664479067
13,344,0,0.0014550773745693824
13,346,0,0.0007149532381985815
13,354,0,0.010106497344753666
13,365,0,0.01153471901398517
13,369,1,0.5971936281373694
13,373,0,0.00014534834250249417
13,374,0,0.06927355883742131
13,380,0,8.861089354274165e-05
13,389,0,0.00419509109775163
13,404,0,0.004651262930629172
13,407,1,0.9999494286057904
13,408,0,7.280287817264186e-05
13,410,1,0.9998858555376571
13,415,0,0.0968374754192454
13,416,1,0.9999140123716885
13,418,1,0.9905171096693357
13,424,0,0.00015664488068496812
13,431,0,0.1354106349764929
13,433,0,5.019748961337175e-05
13,437,0,0.0095892255801707
13,439,1,0.9999999758762802
13,442,0,0.007052342037710489
13,443,0,9.01869838460396e-05
13,446,1,0.9999999869200127
13,453,0,0.0003953297382094128
13,459,0,0.00019258599798520538
13,462,1,0.9999773043602362
13,471,1,0.9171234276515041
13,472,0,0.029984739112517256
14,0,0,0.005842306574976083
14,3,0,0.003888908800114558
14,6,1,0.508420831718635
14,18,0,0.010687398023753349
14,19,0,0.012792779904451273
14,20,0,0.02268381011252607
14,21,1,0.9999948112566838
14,24,1,0.974470019634055
14,26,0,0.0001465669032262009
14,30,0,0.0034896955861859645
14,31,0,0.004972320419850289
14,38,0,0.019140082292650573
14,40,1,0.9945070443301791
14,48,0,0.0033569172265602294
14,59,1,0.9999732525743361
14,66,0,0.0012420493931401715
14,70,1,0.9725045360672901
14,75,0,0.46631382389920184
14,80,0,0.007654608834900619
14,81,0,0.00018744762665268166
14,84,1,0.9960518282697568
14,91,1,0.9881115003760303
14,98,0,0.1188607978209697
14,103,0,0.020550725433482568
14,105,0,0.0038905911921994904
14,127,0,0.002574101770026549
14,130,0,9.728446281195694e-05
14,131,0,0.012268189906819065
14,132,0,0.0453364108673436
14,142,1,0.9999999830580851
14,150,1,0.575516920569595
14,156,0,0.0008290152996666769
14,158,0,0.0015247115168760149
14,159,1,0.5837696191848678
14,168,0,0.0011307928007865445
14,170,0,0.03951062356358809
14,176,0,0.013951852026028368
14,179,1,0.8448885786866349
14,186,0,0.010768618649305487
14,195,0,1.8463351135138116e-05
14,196,0,0.013787604296596374
14,201,0,0.0009510658761852616
14,203,0,7.848884334605643e-06
14,221,0,0.0031641163775794614
14,232,0,0.0005799287052438349
14,233,0,0.0015095843663366876
14,238,0,0.015465416825036358
14,240,1,0.03603608276072468
14,249,0,0.00015175384336691485
14,251,1,0.9777424337714489
14,253,0,0.14232266340710423
14,263,0,0.0008182889466453535
14,266,0,0.07614333022850683
14,269,0,0.00021640993448771153
14,273,1,0.9999349357571262
14,281,1,0.9999931268329678
14,286,1,0.9999998854977494
14,292,0,0.03196050690449129
14,296,0,0.0006872117647573962
14,298,1,0.9999999999999849
14,299,0,0.03133523684502768
14,300,1,0.9340546282570572
14,301,0,0.003129525605037822
14,307,1,0.09093840874012507
14,309,1,0.9938746053488744
14,315,0,0.0006628501184829002
14,317,1,0.9997303362877412
14,318,1,0.9981771748486191
14,322,0,0.06935916022189213
14,324,0,0.00120573535559144
14,331,1,0.6374391949028922
14,335,1,0.9782093135173766
14,345,1,0.9843015164036173
14,352,1,0.9999984452982611
14,355,1,0.9699519120066411
14,361,1,0.9999999908596584
14,363,0,0.004548249477272236
14,366,0,2.0504185345527628e-05
14,370,0,0.00022940000503374105
14,375,1,0.7312144139846706
14,387,0,0.003159395519491629
14,393,1,0.9999999997872817
14,397,0,0.889087727206027
14,402,1,0.9173438672509902
14,409,0,0.3174318008911322
14,411,0,0.006487350534102303
14,413,1,0.9827822860326897
14,423,1,0.9894635383708071
14,426,0,0.03618200883790564
14,430,0,0.01155506933757742
14,447,1,0.9994744294243985
14,451,0,0.0348957259655888
14,460,0,0.17980107296266176
14,464,0,0.0009753482405223351
14,473,0,0.036662248973310364
14,481,1,0.9981588391632691
15,9,0,0.025284003417660336
15,12,1,0.9999999978786422
15,16,1,0.9335713884584269
15,25,0,0.004286880654637516
15,28,0,0.017823950696805087
15,46,1,0.9843655495993615
15,47,0,0.0005511399400860299
15,64,1,0.9846261350343412
15,69,1,0.9670917237554832
15,74,0,0.6633036541299205
15,79,0,0.003029135447731557
15,83,1,0.9835805038709602
15,85,0,0.00045538607582161657
15,86,1,0.9999995643934964
15,92,0,0.000955858731628289
15,99,1,0.9999784731707377
15,100,1,0.9999967418964643
15,115,0,0.044664424934106085
15,117,0,0.0002867312876017376
15,118,1,0.36791566102809836
15,121,1,0.9999400081544926
15,128,0,0.014012955135780492
15,143,1,0.9502870127779358
15,144,1,0.9317400075281437
15,146,1,0.9999687816127594
15,148,0,0.003730932628690364
15,153,0,0.030459930876071274
15,155,0,0.14548351170621915
15,161,0,9.116568929509673e-05
15,163,1,0.9916293189585015
15,173,0,0.04133999191474608
15,180,0,1.3963877008122528e-05
15,182,1,0.0045928503688340665
15,189,0,0.0022706656203169734
15,208,1,0.999999979029811
15,212,1,0.9999922074752623
15,213,0,0.01830951573406369
15,216,1,0.9999815762389772
15,218,1,0.8688777021445715
15,224,1,0.9999993593241783
15,239,1,0.9999994968316166
15,242,0,0.0003991850581646219
15,250,0,1.897248103550543e-05
15,254,1,0.9999999997989943
15,258,0,0.007282673913735792
15,265,0,0.23759669565829403
15,267,0,0.43767771384100196
15,272,1,0.9935487469927207
15,277,1,0.9999870091274914
15,278,0,8.648219980965758e-05
15,295,0,0.12600679558916952
15,297,0,0.001250150785273805
15,302,0,0.042206770970038165
15,303,1,0.9999903417652409
15,316,0,0.0013822894839089293
15,319,1,0.9995585263065416
15,321,0,0.06278270134180992
15,323,0,0.11140363798490219
15,330,0,0.0011873844052325872
15,339,0,0.0006055391972162176
15,341,1,0.8427389217903867
15,342,0,0.044547537434837275
15,343,0,0.003700210344127961
15,347,0,0.011109250903977939
15,350,0,0.0008120973629033327
15,351,0,0.21311262493647182
15,353,0,9.740566638101136e-05
15,358,0,0.025176271356385685
15,359,1,0.9961386332674858
15,362,0,0.000738931639107163
15,376,0,0.013543369313318596
15,378,0,0.021270551664260066
15,381,0,0.000521686710947538
15,388,0,0.12241419997814612
15,390,1,0.8668731971538122
15,391,1,0.9999993738475581
15,392,0,0.00038225935647601757
15,394,0,0.38859108584932267
15,399,1,0.9999999999262232
15,400,0,0.003137620751740069
15,401,0,0.06252210176327874
15,412,0,0.007293850882900169
15,420,0,0.0015055083257568343
15,421,0,0.0004103897490459168
15,425,1,0.9999998728005215
15,428,0,9.205292480382245e-05
15,429,0,0.00022053209067169553
15,432,1,0.9999955340745699
15,436,1,0.9999923889369042
15,449,0,0.09619295510874863
15,455,1,0.9942775659243783
15,461,0,0.0005535566657281053
15,463,0,0.07291549250936105
15,465,0,0.023357089096270947
15,478,0,0.026856156622649594
15,479,0,0.04273240656419824
16,0,0,0.0014994334212473262
16,9,0,0.014556802874435821
16,13,0,0.0065430652427498235
16,32,1,0.9999951651332482
16,40,1,0.9998557728413153
16,42,1,0.9626960763113395
16,55,1,0.9979057466394512
16,56,0,0.017105000315181765
16,58,1,0.9999033728829831
16,66,0,8.596058232399997e-05
16,67,0,0.005864468909154417
16,70,1,0.9953484851003382
16,71,1,0.9999974553489426
16,82,0,0.0007324256187050213
16,92,0,0.00035048446043951516
16,93,1,0.9922737776122343
16,95,0,0.0006596441425618432
16,96,0,0.0019743776742017797
16,98,0,0.2556661848346864
16,103,0,0.007052000511408581
16,105,0,0.0006397779959467363
16,107,0,2.645114092676396e-05
16,110,0,0.0007020158385065691
16,115,0,0.03493186320914732
16,118,1,0.3337597170960529
16,119,1,0.9999999083280304
16,120,0,0.00019866095741776686
16,122,0,0.06775136521276219
16,127,0,0.00014319297125006133
16,131,0,0.0037490254132907757
16,133,1,0.9999999999999365
16,140,1,0.9999861869970397
16,142,1,0.9999999990778319
16,153,0,0.020247551031777618
16,158,0,0.00029711375329939953
16,168,0,0.0002513265333872365
16,172,0,0.004458212466612573
16,173,0,0.02664991936798082
16,175,1,0.9643982228840964
16,182,1,0.0029453460270286065
16,192,0,0.06398945092532579
16,198,0,0.02472882396622552
16,199,0,0.0643497809337905
16,208,1,0.9999999931386632
16,211,1,0.9867200550055438
16,212,1,0.9999971961277744
16,216,1,0.9999615796699965
16,217,0,1.491783742732602e-05
16,235,0,0.000531399686698334
16,237,1,0.9998750528050071
16,238,0,0.017456936264718177
16,240,1,0.160720901917124
16,244,0,0.29637952481156143
16,248,0,0.00022971068124506402
16,255,1,0.999600232159306
16,259,0,0.010223354456499297
16,260,0,0.0102473239185099
16,261,0,8.040507561380634e-05
16,265,0,0.23376856450553463
16,273,1,0.9999852763361783
16,276,0,8.809524237859854e-07
16,288,0,0.0015547434252780024
16,289,0,0.06566646657122316
16,295,0,0.07986881715884338
16,304,0,0.020950926033817995
16,305,1,0.9975530383984137
16,307,1,0.08406591503971894
16,309,1,0.999761228373826
16,313,1,0.9998405394902865
16,316,0,0.0001010835989630223
16,320,1,0.9999997054498337
16,322,0,0.012528891075064824
16,323,0,0.056675472845530005
16,333,1,0.9998049495613452
16,336,0,0.049031974478822724
16,337,1,0.11635476254979356
16,344,0,0.000212314553998604
16,346,0,9.43520973659792e-05
16,348,1,0.9999998085632489
16,364,1,0.999999620451745
16,382,0,0.012014365237250475
16,383,1,0.9999996222807161
16,386,1,0.9999999999998062
16,412,0,0.003926753539574943
16,415,0,0.030735594885563572
16,420,0,0.0006449169470788451
16,421,0,6.280096696990203e-05
16,424,0,5.8050976772828536e-05
16,434,1,0.9999997178692435
16,435,1,0.9662692475415832
16,442,0,0.0006543358302887707
16,445,0,0.0011500450633842466
16,452,0,7.994341323133885e-06
16,454,0,0.001441835978787849
16,466,0,0.439039081837552
16,478,0,0.01124217738449575
16,480,0,0.14874606977849986
17,5,0,0.006262310783244053
17,15,0,0.005902652489012979
17,17,0,0.0007728959954801485
17,31,0,0.004207481211124496
17,37,1,0.99997441988203
17,43,1,0.9999998932057923
17,45,0,0.004043325957319547
17,47,0,0.0010817351879781733
17,50,0,0.010230065534520886
17,52,1,0.9999999895415221
17,59,1,0.9999876003599153
17,60,1,0.9851798412716244
17,61,1,0.9999999754957868
17,63,0,0.006065661404022409
17,69,1,0.962231703035378
17,73,1,0.9999999999715588
17,76,0,6.0640591943341e-05
17,78,0,0.0004795747416585914
17,89,0,0.00028607276095520527
17,91,1,0.9958691586834943
17,101,1,0.9999999213651981
17,112,0,0.00030150226729724016
17,114,0,0.3263410470521423
17,117,0,0.0011075517575305737
17,121,1,0.999920957059726
17,123,0,0.0003466740845014651
17,136,0,0.21732343483224048
17,137,0,0.09815636580254275
17,143,1,0.9610789572439422
17,151,0,0.4483098520126335
17,162,0,0.1979832535497283
17,163,1,0.9900393950998021
17,164,1,0.9525572672451579
17,169,0,0.026034055532924684
17,171,0,0.03140903254901843
17,174,1,0.6563622657366481
17,177,0,0.04818146398180307
17,179,1,0.9225233825163995
17,187,0,0.003090813118297759
17,188,1,0.9999993963330438
17,196,0,0.018528189102336223
17,205,0,0.0025551835757277553
17,213,0,0.030623045912555505
17,221,0,0.015302184431147562
17,226,1,0.9986409065047881
17,227,0,0.0006610191563004635
17,230,0,0.0492575886447071
17,231,0,0.019049616127089445
17,232,0,0.000806941671563332
17,234,0,0.05993762211612094
17,236,0,0.004459990087200484
17,245,1,0.9863767764954043
17,246,0,0.004073690872603981
17,247,1,0.8476034762162641
17,251,1,0.9970874022577918
17,257,1,0.9778470941282047
17,267,0,0.5257925957319755
17,270,1,0.9997881301298
17,272,1,0.9902830581572728
17,280,0,0.09673048978933663
17,281,1,0.9999964995347237
17,282,0,2.1556773559159702e-05
17,285,0,0.37507271318839885
17,290,0,0.007899588177265807
17,299,0,0.22502257861657748
17,301,0,0.006249117301647454
17,303,1,0.9999912829150848
17,306,1,0.9802970220366984
17,312,0,0.7459978683097604
17,314,0,0.079264636141464
17,326,1,0.9999995226861795
17,329,0,0.0007997554685288484
17,341,1,0.8590611892404896
17,351,0,0.2849678879821804
17,359,1,0.9947270169986813
17,361,1,0.9999999966286327
17,366,0,2.3930873209293186e-05
17,369,1,0.7377887843441415
17,370,0,0.0007336073744711738
17,373,0,0.00027607370803039055
17,374,0,0.08191814992066929
17,377,0,0.21556410503702017
17,379,0,0.0026659836190098137
17,381,0,0.0008996065093462538
17,393,1,0.9999999999927682
17,396,0,0.27270848493686534
17,398,1,0.9999973288337767
17,411,0,0.008647386788678688
17,414,0,0.003445374811212824
17,431,0,0.16365967819320595
17,437,0,0.009188206897136286
17,441,0,0.4329989093467619
17,451,0,0.039049569300868996
17,456,1,0.99999992944942
17,459,0,0.00030964967040229146
17,468,0,0.05563748324394309
17,471,1,0.9578508945301636
18,1,1,0.9999999999978819
18,4,1,0.9999993438544512
18,6,1,0.7621620438912851
18,8,0,0.003721412822359204
18,12,1,0.9999999951196329
18,18,0,0.016385867489494707
18,21,1,0.9999951277634622
18,22,0,0.01972545728213957
18,23,0,0.0015248236245774534
18,25,0,0.006084748270172528
18,36,0,0.0068193703811978736
18,41,0,0.0009422760150787509
18,49,0,0.0002925694455919971
18,51,1,0.9999998412223665
18,57,0,0.0002709983908283902
18,80,0,0.027062210401810255
18,81,0,0.00010947250155188355
18,87,0,0.09499853451322776
18,90,1,0.9999878188949909
18,97,0,0.03213378583660753
18,102,0,0.31191967058159775
18,124,0,0.019010014194679726
18,125,1,0.9778309338692418
18,134,0,0.00028818575311438514
18,138,0,0.013334573706992526
18,141,0,0.00029927057331501783
18,144,1,0.8840261895855497
18,146,1,0.9998708456409762
18,148,0,0.002923527869459445
18,150,1,0.5035355699063496
18,152,0,0.003148372111773633
18,154,0,0.0001306149484671909
18,155,0,0.0765911206524418
18,157,1,0.9999999999941398
18,166,0,0.04743463936420265
18,170,0,0.038368160578504236
18,176,0,0.013208131317973205
18,178,0,0.00010324864417796065
18,180,0,2.113302611824618e-05
18,184,1,0.9999544420746644
18,186,0,0.016380690761684275
18,200,0,0.005160429907513614
18,202,1,0.9826665172625992
18,204,0,0.07319760541886737
18,206,0,0.0074824319862561795
18,207,0,0.12016742107803655
18,210,1,0.9999487483239429
18,214,1,0.9999917136779248
18,224,1,0.9999982969223877
18,239,1,0.9999964948409517
18,242,0,0.0006060766167763074
18,243,0,0.010531202698823936
18,249,0,0.00010597053792632468
18,254,1,0.9999999983022458
18,258,0,0.008867278890423467
18,263,0,0.000691731599034476
18,266,0,0.09808886637609926
18,275,0,0.002934612820306188
18,278,0,8.249204061033482e-05
18,283,0,0.006752156103000015
18,284,1,0.9964164633448531
18,287,0,0.02463337256994095
18,298,1,0.9999999999999849
18,311,1,0.9999994376761137
18,318,1,0.9999448830239852
18,319,1,0.9993834719024861
18,330,0,0.002281678113552758
18,332,0,0.13963505625260775
18,339,0,0.0010893732885110868
18,342,0,0.043211575912701666
18,350,0,0.0014159904790082946
18,357,1,0.9999999973124445
18,358,0,0.03834812144990178
18,375,1,0.7215104541488786
18,380,0,0.00016148691664766523
18,387,0,0.0028870973135626645
18,392,0,0.0003683639881033764
18,395,1,0.9999614026349831
18,397,0,0.7595302330742417
18,400,0,0.005384187716649729
18,402,1,0.9106370867023267
18,404,0,0.005668735123167387
18,406,1,0.5184789911510059
18,410,1,0.9998842651645937
18,423,1,0.989895407757638
18,436,1,0.9999811823754712
18,440,0,0.0011041967360019933
18,447,1,0.9995947694558054
18,455,1,0.9903935441273958
18,458,0,0.007412855955366495
18,461,0,0.0006604140111503625
18,462,1,0.9999642469844836
18,463,0,0.06913574251179189
18,464,0,0.000571504158200091
18,465,0,0.06928999143938244
18,467,0,0.25356449102314677
18,482,1,0.9999999999979232
19,2,0,0.06130380106564586
19,3,0,0.0019157963480198727
19,10,1,0.9999984869808032
19,14,1,0.9999993590935977
19,19,0,0.006963335036439701
19,26,0,0.0002395209091566615
19,27,1,0.9999618548824247
19,28,0,0.02334758327134505
19,29,0,0.0001463699852538504
19,35,0,0.010225495376519468
19,38,0,0.026739907633829628
19,39,0,0.008123271801744571
19,46,1,0.9874672771052121
19,48,0,0.0020806602502380913
19,53,0,0.002564069023207106
19,54,0,0.014038382890075292
19,62,1,0.31550980227960057
19,75,0,0.3459989063063384
19,83,1,0.9767530328138856
19,85,0,0.00036406381492352024
19,86,1,0.9999996514153675
19,94,0,0.004498604373850283
19,104,0,0.024073275139927332
19,106,0,0.15693562343376904
19,111,1,0.9999999611484759
19,113,0,0.0006439382329018711
19,116,0,0.011958656667424508
19,128,0,0.014512136194808133
19,129,0,0.007155749683990862
19,130,0,0.0001353535965722815
19,145,1,0.9999999999999849
19,147,1,0.9999992230705526
19,156,0,0.0004014521012090437
19,159,1,0.6542538270653049
19,160,1,0.12701603269314476
19,161,0,0.0001880234753161597
19,181,0,0.051115330158461744
19,183,1,0.9999999998012732
19,193,0,0.0008136563916493878
19,194,0,0.0010085150546722656
19,197,1,0.9912557789350303
19,201,0,0.0003761544552686622
19,203,0,8.079269423944971e-05
19,209,0,0.00368666695571406
19,215,1,0.9999999434431501
19,220,0,0.0008047986647439301
19,222,1,0.9977714272492233
19,223,0,0.0006623765380618849
19,241,1,0.9999999999580886
19,252,1,0.9999999995184032
19,264,0,0.030127524841880318
19,268,0,0.012241217613506645
19,274,0,0.19529487497531578
19,277,1,0.9999490607534093
19,286,1,0.9999999356095701
19,291,1,0.7008019213166002
19,292,0,0.026024478712564574
19,294,0,0.00962590240864743
19,297,0,0.0019249357096656327
19,300,1,0.8962138952184463
19,315,0,0.0007648705967403355
19,317,1,0.9999415373929947
19,321,0,0.0650916718268671
19,331,1,0.6813843792825263
19,345,1,0.986400381797266
19,347,0,0.01157030454813315
19,352,1,0.999999159609916
19,354,0,0.010750940135380898
19,355,1,0.993960303200224
19,356,1,0.999999993852923
19,363,0,0.005976784312354922
19,367,1,0.9999999952076952
19,368,0,0.01519716481339067
19,384,0,0.002236973880211656
19,385,0,0.0006102315045123396
19,389,0,0.003675600858057855
19,390,1,0.724346762989878
19,391,1,0.9999996074188677
19,399,1,0.999999999989627
19,401,0,0.061499338838386944
19,403,1,0.9998180443100003
19,405,1,0.9999999923550345
19,418,1,0.9808272353591698
19,419,0,0.0002946211885529605
19,428,0,0.00018128733214499928
19,429,0,0.0003424548392579489
19,433,0,7.827487899812543e-05
19,448,0,0.08899934961732853
19,450,0,0.5457346795313314
19,453,0,0.0006749275475546311
19,457,0,0.0007323573665706707
19,460,0,0.16611361710660533
19,472,0,0.02402867108051538
19,475,0,0.0030554860463135923
19,476,0,2.2449581573984996e-06
19,481,1,0.9999932568246994
20,7,1,0.932828912117886
20,11,1,0.9999967064620616
20,16,1,0.940429701391341
20,20,0,0.0049888514982901816
20,24,1,0.9909163487532453
20,30,0,0.002049590735101599
20,33,0,0.048050669443341416
20,34,1,0.9999984944847196
20,44,1,0.9999999987931305
20,64,1,0.9785388909675373
20,65,0,0.0037389173121082854
20,68,0,0.0027796990578287267
20,72,0,0.0019273491065272248
20,74,0,0.6039697628705543
20,77,0,0.0024120562028510603
20,79,0,0.0025225136035230333
20,84,1,0.9967420616932736
20,88,0,0.007872708353849641
20,99,1,0.9999764524053008
20,100,1,0.9999940074400926
20,108,1,0.9999569664096157
20,109,0,0.021057629273384237
20,126,0,0.0002451834350769928
20,132,0,0.044154802121418035
20,135,1,0.999999999988606
20,139,1,0.9525165417155491
20,149,0,0.0032854057609293867
20,165,1,0.9999990228005828
20,167,0,0.0005870173388739732
20,185,0,0.001557267624110055
20,189,0,0.00403204739141722
20,190,0,0.24243957638094515
20,191,1,0.5191870112117057
20,195,0,9.896744402722382e-05
20,218,1,0.8445359977513187
20,219,1,0.9999999979534302
20,225,0,0.01979786075579057
20,228,1,0.9982643405763094
20,229,1,0.5151402320274615
20,233,0,0.0020431517503491075
20,250,0,4.775871229965672e-05
20,253,0,0.12759902943844442
20,256,0,0.0017391482765460869
20,262,1,0.7798610128941834
20,269,0,5.214052427063072e-05
20,271,0,0.0004205946568834508
20,279,0,0.004515868217531516
20,293,0,0.053552925956374425
20,296,0,0.0006519952516669046
20,302,0,0.05681048540374144
20,308,0,0.011684896609562671
20,310,1,0.9999934444587082
20,324,0,0.002880054618581051
20,325,1,0.9457966885307321
20,327,1,0.999999988610426
20,328,0,0.010324881679797795
20,334,0,0.0066983064642175075
20,335,1,0.9907648084299261
20,338,0,0.0013066421333267797
20,340,0,0.0055227143725658165
20,343,0,0.00425535916762718
20,349,0,0.004512539222074948
20,353,0,0.00016727169446361658
20,360,1,0.999700097506937
20,362,0,0.00086871646775578
20,365,0,0.014096870790875082
20,371,0,0.021839763127844213
20,372,1,0.9976039134919739
20,376,0,0.014258538288531065
20,378,0,0.07175570137529141
20,388,0,0.10155641178739794
20,394,0,0.31423941733143
20,407,1,0.9999481907396981
20,408,0,9.029240293588378e-05
20,409,0,0.5587263864906415
20,413,1,0.9905492998830074
20,416,1,0.999950599701189
20,417,0,0.0023634880745604936
20,422,0,0.15172403418234376
20,425,1,0.9999994291660066
20,426,0,0.058442951496052886
20,427,0,0.016377503021140563
20,430,0,0.015888454794938445
20,432,1,0.9999931802981628
20,438,1,0.9866094272500987
20,439,1,0.9999999590062263
20,443,0,6.739726900896257e-05
20,444,1,0.9999999988195465
20,446,1,0.9999999814159486
20,449,0,0.18049139395320363
20,469,0,0.0001230369591390707
20,470,1,0.9955762583228944
20,473,0,0.03071298530880195
20,474,0,0.00029301029643281445
20,477,0,0.0007801517529666179
20,479,0,0.04349300069763366
21,1,1,0.9999999999994222
21,2,0,0.050917846115537346
21,3,0,0.0022546591215582934
21,4,1,0.9999996884861759
21,8,0,0.0029086521400102814
21,20,0,0.007863608805751493
21,28,0,0.038721961194923174
21,41,0,0.0005175577251150445
21,43,1,0.9999998896153107
21,52,1,0.9999999900010319
21,59,1,0.9999871201295873
21,64,1,0.9714458394396537
21,72,0,0.0013494748318609888
21,73,1,0.9999999998918252
21,79,0,0.004505532800354048
21,87,0,0.12517935352836204
21,91,1,0.9932904711983791
21,94,0,0.0027324665878701833
21,96,0,0.00465063497061201
21,105,0,0.0034806642157044656
21,118,1,0.2625451089625958
21,123,0,0.00021328974732069236
21,125,1,0.9847052946229456
21,130,0,9.750629415667645e-05
21,134,0,0.00040922674391411656
21,140,1,0.9999549985270169
21,146,1,0.9998541250589887
21,151,0,0.48462343170376665
21,154,0,0.0002387792139029631
21,159,1,0.4895628777572945
21,170,0,0.043466881642329334
21,171,0,0.04253934406305518
21,172,0,0.021429567320196075
21,174,1,0.743834004145892
21,187,0,0.0017871450923242235
21,194,0,0.0011741742136384993
21,198,0,0.024306002760223686
21,199,0,0.05818331422674927
21,200,0,0.0048637293657428915
21,205,0,0.0008796955906279631
21,206,0,0.0037527650084446342
21,212,1,0.9999733807247896
21,227,0,0.0008418180022674356
21,230,0,0.04683547041509557
21,231,0,0.014716971303599904
21,237,1,0.9976137965132196
21,242,0,0.0012000530694555108
21,245,1,0.9833811240693958
21,247,1,0.6777997137118374
21,250,0,8.409560852160335e-05
21,252,1,0.9999999993918189
21,253,0,0.19650325670632768
21,258,0,0.008432455378914828
21,274,0,0.17165847831926873
21,275,0,0.0022116703780897164
21,277,1,0.9999732282227585
21,280,0,0.07271673580055976
21,281,1,0.9999954756407027
21,286,1,0.99999995132527
21,287,0,0.03025566226974822
21,290,0,0.0008194034934689788
21,298,1,0.9999999999999849
21,301,0,0.0021102398812876347
21,313,1,0.9982776427091697
21,315,0,0.0005228609373712628
21,323,0,0.089217207234705
21,342,0,0.025813007905585904
21,345,1,0.983318410524083
21,356,1,0.999999995551998
21,368,0,0.013561940244926423
21,369,1,0.7569298890871721
21,370,0,0.000599828535579526
21,372,1,0.9939158393348864
21,374,0,0.05558437791585587
21,378,0,0.014078305213438962
21,380,0,0.00016975837145568123
21,389,0,0.005608532138547775
21,394,0,0.45307099146615426
21,395,1,0.9999905779659424
21,405,1,0.9999999898963079
21,410,1,0.998494772489999
21,412,0,0.007332315742264003
21,415,0,0.07274328520636568
21,420,0,0.002557527908053323
21,424,0,0.00023961457006960415
21,425,1,0.9999992791350075
21,433,0,0.00016006104335798812
21,446,1,0.9999999947912535
21,450,0,0.4391260460863674
21,454,0,0.003258283431893935
21,455,1,0.9893938982221673
21,459,0,0.00036569770788657586
21,461,0,0.0007359213933165368
21,465,0,0.011815207424032527
21,470,1,0.9936154240212705
21,473,0,0.02320254127223876
21,481,1,0.9999926816612164
22,6,1,0.7660609331890702
22,11,1,0.9999973942583079
22,14,1,0.9999989889327422
22,16,1,0.9422117150576336
22,17,0,0.0005709218466183579
22,22,0,0.022609069125862965
22,26,0,0.00016602954829456472
22,27,1,0.9999560779954858
22,31,0,0.003994634722040164
22,33,0,0.038853429769171825
22,34,1,0.999998748187859
22,37,1,0.9999767335966254
22,40,1,0.9974194592527841
22,50,0,0.006465116499333949
22,54,0,0.017086361551557752
22,55,1,0.9971842582763052
22,56,0,0.02751100458695228
22,58,1,0.999976374398036
22,63,0,0.005892825102505965
22,70,1,0.993260808922185
22,89,0,0.00012180722036613347
22,95,0,0.0032241520282795238
22,102,0,0.28930285649642423
22,106,0,0.1568002970420237
22,108,1,0.9999742229024722
22,109,0,0.014004099953364059
22,110,0,0.0027174438975278116
22,111,1,0.9999999819652852
22,113,0,0.0007612538883467537
22,114,0,0.2245974249925517
22,121,1,0.9999304020957605
22,124,0,0.016456045816173007
22,133,1,0.9999999999997491
22,142,1,0.9999999947208165
22,144,1,0.8947177900127201
22,152,0,0.0015798589712965544
22,157,1,0.9999999999996629
22,160,1,0.12939934245442578
22,164,1,0.9396716955345417
22,165,1,0.9999993459637623
22,166,0,0.03318289701110183
22,168,0,0.0013458685609225903
22,176,0,0.010572279639469648
22,186,0,0.012316665652752157
22,190,0,0.2522962870679239
22,203,0,5.008331231068645e-05
22,208,1,0.9999999720689534
22,213,0,0.01849905920259571
22,216,1,0.9999731125930005
22,236,0,0.003090401730061412
22,239,1,0.9999980312246723
22,248,0,0.0008719082638591878
22,249,0,7.291114640366504e-05
22,265,0,0.2154790119658765
22,271,0,0.00020429887289412696
22,276,0,1.069321835376238e-05
22,278,0,0.00013521733017002335
22,279,0,0.004093863975926301
22,289,0,0.11999937183346679
22,291,1,0.7750081019444773
22,296,0,0.0008682360678479999
22,302,0,0.08551638539128882
22,308,0,0.011466334455762846
22,312,0,0.6381595202162464
22,314,0,0.04490230276226101
22,317,1,0.9999037543832937
22,320,1,0.9999968233319338
22,321,0,0.06058174861931448
22,325,1,0.9443116109306089
22,329,0,0.0004935453013505257
22,332,0,0.14311650536678952
22,334,0,0.008171714656788173
22,337,1,0.21157194638235138
22,339,0,0.0009904257284345374
22,349,0,0.003967619389210271
22,350,0,0.001076935007962717
22,352,1,0.9999995495948787
22,360,1,0.9999311878673419
22,363,0,0.0071266234470401275
22,365,0,0.012213174686821425
22,366,0,1.2747078005083309e-05
22,367,1,0.9999999998086893
22,381,0,0.0008455506900196059
22,382,0,0.022363817152824542
22,385,0,0.000826383546624888
22,387,0,0.002474791797464137
22,390,1,0.8861182753058383
22,400,0,0.00486535584204105
22,419,0,0.00021894218919603348
22,439,1,0.9999999953941572
22,444,1,0.9999999997484708
22,456,1,0.9999999695686971
22,460,0,0.13119613258627863
22,468,0,0.039022954178185305
22,474,0,0.00027311043828700865
22,478,0,0.021892591057234984
22,479,0,0.03308542476762415
23,7,1,0.9145682859616927
23,24,1,0.9963615328746189
23,25,0,0.00431293178999304
23,29,0,0.00011411088554921035
23,38,0,0.018173788101250945
23,39,0,0.009533701903596967
23,44,1,0.9999999998450997
23,45,0,0.002342975328354914
23,51,1,0.9999999792008554
23,53,0,0.003509360397413587
23,65,0,0.0018923999065903452
23,67,0,0.015811798858740872
23,75,0,0.4620895438757352
23,77,0,0.002820231412178687
23,81,0,7.566854691002745e-05
23,82,0,0.00209765949574388
23,83,1,0.9837598623955746
23,84,1,0.9912202488992097
23,98,0,0.27123809813133415
23,100,1,0.9999974745344455
23,101,1,0.9999999547257463
23,103,0,0.010038538682376693
23,104,0,0.02160931716262514
23,117,0,0.00020759487027846352
23,120,0,0.0005599803953728724
23,129,0,0.005136772845554563
23,131,0,0.007778066182585705
23,136,0,0.17031109802448952
23,139,1,0.9642612692888075
23,145,1,0.9999999999999849
23,149,0,0.00161350424977134
23,162,0,0.23169532624527045
23,163,1,0.9790285106214917
23,167,0,0.000619113031312334
23,175,1,0.9768459061305377
23,181,0,0.05506296956353363
23,182,1,0.005561982538567715
23,185,0,0.001244067186131492
23,196,0,0.014013523358406738
23,197,1,0.9958393511460162
23,207,0,0.121489660099731
23,221,0,0.008381385585734027
23,222,1,0.9998704367049294
23,233,0,0.0014366378038908364
23,240,1,0.19540069721377532
23,241,1,0.9999999999865941
23,243,0,0.0046898947765639225
23,251,1,0.9965671944487902
23,259,0,0.022087652243570483
23,260,0,0.02049314911419244
23,263,0,0.0004836737041714534
23,264,0,0.011522596372344466
23,270,1,0.9999376622593935
23,283,0,0.0025163752341185873
23,284,1,0.9997556251241673
23,293,0,0.08293951874000333
23,297,0,0.0013131314482330517
23,300,1,0.9517197670544503
23,306,1,0.9750608660043865
23,310,1,0.9999991443647718
23,316,0,0.00029706329022649325
23,318,1,0.9999623217095308
23,328,0,0.01153115733608039
23,330,0,0.0020357904947204976
23,335,1,0.9917529898388057
23,338,0,0.00043265090946644586
23,341,1,0.8751870690170847
23,343,0,0.005640268123934597
23,346,0,0.0003046566892363144
23,355,1,0.9970440711404323
23,357,1,0.9999999998798856
23,359,1,0.9974053496660489
23,371,0,0.01835920346975791
23,375,1,0.6922142313034388
23,376,0,0.019746995482674057
23,391,1,0.9999996801720276
23,392,0,0.00041520941784519105
23,396,0,0.24023648414191806
23,399,1,0.999999999964511
23,401,0,0.056437098492618486
23,403,1,0.9997760631957437
23,408,0,3.252128218997632e-05
23,421,0,0.00019756187786170167
23,422,0,0.22305279528086558
23,428,0,6.094496173798927e-05
23,429,0,0.00012897599302299524
23,438,1,0.996146223807485
23,441,0,0.36839094695102964
23,447,1,0.9994666314016856
23,448,0,0.07821942758218894
23,452,0,2.9945450570982683e-05
23,453,0,0.0006622470770285907
23,466,0,0.5091465790972953
23,472,0,0.020189408063332217
23,475,0,0.0020996243593327008
23,477,0,0.00021116500138273507
23,482,1,0.9999999999998128
24,9,0,0.04623853693414176
24,10,1,0.9999954278396166
24,13,0,0.017144270296419135
24,18,0,0.008438563478890649
24,21,1,0.9999972093838394
24,35,0,0.004051334666513659
24,42,1,0.9556044507679382
24,46,1,0.9818925471454909
24,49,0,0.00016449385609123418
24,57,0,0.00026619368918400085
24,60,1,0.9833331912670229
24,62,1,0.604148525817001
24,66,0,0.00030379106583001004
24,68,0,0.0017160126218240116
24,74,0,0.6427599122625545
24,78,0,0.00035920637198919394
24,86,1,0.9999990673602874
24,88,0,0.0057150899060898095
24,90,1,0.9999776391179859
24,92,0,0.0005466634862771778
24,93,1,0.9908265981043995
24,116,0,0.007402302349656369
24,119,1,0.9999986642007499
24,122,0,0.12354013802956174
24,126,0,0.00014460528940225638
24,132,0,0.05057911722478001
24,135,1,0.9999999999866824
24,138,0,0.011940827736984553
24,150,1,0.6368423435287756
24,156,0,0.0028528282098852628
24,158,0,0.0012339487496292741
24,177,0,0.03819989758794386
24,178,0,6.039585221326908e-05
24,184,1,0.9999600147946344
24,188,1,0.9999995069824007
24,189,0,0.002172404232716303
24,191,1,0.5570643593480276
24,193,0,0.00039275226601141863
24,201,0,0.00027160923114039016
24,202,1,0.9801846831435614
24,209,0,0.0025821726912871584
24,210,1,0.9999655489149665
24,215,1,0.9999998655685711
24,219,1,0.9999999981110601
24,220,0,0.0002794573794994379
24,224,1,0.9999980059516083
24,229,1,0.5047261209253233
24,232,0,0.00043377224796679756
24,235,0,0.0012041200789913407
24,246,0,0.0022582964848709567
24,267,0,0.48623037688519155
24,268,0,0.010294482953111063
24,272,1,0.988762511652425
24,273,1,0.9999621363439695
24,294,0,0.01004169719220604
24,295,0,0.061671004875716556
24,299,0,0.21174322120292874
24,303,1,0.9999881181891677
24,305,1,0.9937583374000453
24,309,1,0.9972811886400772
24,319,1,0.9966606011736402
24,322,0,0.03210640577630898
24,326,1,0.9999990860283063
24,336,0,0.0607195478767118
24,344,0,0.0005713611826337257
24,353,0,0.00012458646201524582
24,354,0,0.0053223140952128635
24,358,0,0.020831636862285757
24,361,1,0.9999999809204005
24,362,0,0.0007597830702405087
24,373,0,0.00010860169682981001
24,379,0,0.08733317549903352
24,384,0,0.002303541451285819
24,388,0,0.0929672657907984
24,397,0,0.7092427304709519
24,398,1,0.9999959813682857
24,402,1,0.9396083879403041
24,404,0,0.00500245025179907
24,409,0,0.5869852802226064
24,413,1,0.9907339976625185
24,414,0,0.0018889049512809159
24,416,1,0.9999541894637911
24,426,0,0.05247528210256916
24,430,0,0.013303747656900117
24,431,0,0.14648151225680667
24,432,1,0.9999893162792471
24,435,1,0.951791566394474
24,437,0,0.0056206356135831016
24,440,0,0.0011847474911904927
24,443,0,4.5117409930865804e-05
24,445,0,0.002830723761675727
24,451,0,0.034733739313099254
24,458,0,0.004959253165073872
24,469,0,7.123220549361011e-05
24,471,1,0.9527034081530963
24,476,0,1.3049968772631337e-06
25,0,0,0.013278664347370454
25,5,0,0.021170126026715856
25,12,1,0.9999999849380286
25,15,0,0.002015871381673921
25,19,0,0.003161344093550667
25,23,0,0.0016894112042986301
25,30,0,0.0011290072654838788
25,32,1,0.9999763547448657
25,36,0,0.0035670462211127244
25,47,0,0.000731685054697511
25,48,0,0.0010479234715518428
25,61,1,0.9999984922880196
25,69,1,0.9549464411156121
25,71,1,0.9999717211201338
25,76,0,0.00012562689664766716
25,80,0,0.07563333995184732
25,85,0,0.0029636430177966645
25,97,0,0.02411875550272089
25,99,1,0.9996357529286526
25,107,0,6.706077969994942e-05
25,112,0,0.00032589247782769103
25,115,0,0.02270905383562232
25,127,0,0.0011836611973507168
25,128,0,0.027680224900497586
25,137,0,0.03623940995229946
25,141,0,0.0013217391033338256
25,143,1,0.9679733417784945
25,147,1,0.9999981778979184
25,148,0,0.00222397435881654
25,153,0,0.016629416615606768
25,155,0,0.017466273769510578
25,161,0,0.0004978974131361113
25,169,0,0.024197693994976576
25,173,0,0.06033622884629786
25,179,1,0.8045574278676659
25,180,0,8.971301200581665e-06
25,183,1,0.9999999143722335
25,192,0,0.21592802298716862
25,195,0,0.004892893128786482
25,204,0,0.03688291066840907
25,211,1,0.9823240108358716
25,214,1,0.9999708083838583
25,217,0,0.00015872368855041535
25,218,1,0.7242944973957522
25,223,0,0.0005347796282257036
25,225,0,0.021278074361073297
25,226,1,0.9603245677776098
25,228,1,0.9996637614829627
25,234,0,0.1078038789932256
25,238,0,0.016582408635541373
25,244,0,0.6185841427869168
25,254,1,0.99999999220146
25,255,1,0.9944229271121732
25,256,0,0.0011535937676721603
25,257,1,0.9816917492403993
25,261,0,0.00026811024714456697
25,262,1,0.5366210312407635
25,266,0,0.12052153543827496
25,269,0,3.991600686386412e-05
25,282,0,9.350015985686101e-06
25,285,0,0.327373110667232
25,288,0,0.00461336095963109
25,292,0,0.088276860243011
25,304,0,0.04307441571547747
25,307,1,0.1944355697883534
25,311,1,0.9999962082609186
25,324,0,0.0009515955531675786
25,327,1,0.9999996585056301
25,331,1,0.6270132898549221
25,333,1,0.9969646899011915
25,340,0,0.0018389442225325327
25,347,0,0.008821381104300818
25,348,1,0.9999984227093448
25,351,0,0.4009860056775164
25,364,1,0.9999936189016485
25,377,0,0.20816674277055833
25,383,1,0.9999951602667589
25,386,1,0.9999999999605285
25,393,1,0.9999999999527791
25,406,1,0.03717429371358248
25,407,1,0.9998352470885179
25,411,0,0.0037332712625043427
25,417,0,0.0036985748554656424
25,418,1,0.9894575366338176
25,423,1,0.9882196236419438
25,427,0,0.0032330317522507052
25,434,1,0.9999788412732971
25,436,1,0.9999637467103863
25,442,0,0.010759618400642613
25,449,0,0.28441778737536766
25,457,0,0.0039021966555906618
25,462,1,0.9999016418291033
25,463,0,0.0463199588195181
25,464,0,0.0002658923125074151
25,467,0,0.2622881281967501
25,480,0,0.2427207859211719
26,4,1,0.99999907500433
26,5,0,0.0022076650495401274
26,12,1,0.9999999960402908
26,16,1,0.9365843388863486
26,20,0,0.00310206271138187
26,21,1,0.9999949920269169
26,24,1,0.9919407337986612
26,25,0,0.006129094065243211
26,42,1,0.9388921096548271
26,43,1,0.9999999460400704
26,46,1,0.972378685048637
26,49,0,0.00015756226018957562
26,54,0,0.08444898235852044
26,58,1,0.99999529052628
26,60,1,0.9829484150502981
26,64,1,0.9718655598045998
26,68,0,0.0015810421497873142
26,83,1,0.9715904597307596
26,88,0,0.007645279243000593
26,89,0,8.597859612065647e-05
26,92,0,0.0010190293087476428
26,96,0,0.0031389564307373755
26,97,0,0.019853292865740477
26,109,0,0.013498774998667534
26,110,0,0.0029151331414198844
26,112,0,0.00019694443538157596
26,126,0,0.00014620204889963074
26,127,0,0.00028190070764971256
26,129,0,0.0046557201416525425
26,134,0,0.00020122576440104742
26,141,0,0.00016446942532002276
26,149,0,0.001215907733628832
26,159,1,0.773948100590002
26,160,1,0.1488511840389518
26,163,1,0.9685633572444672
26,168,0,0.008481821160389449
26,173,0,0.04188789645765885
26,174,1,0.5252691014645925
26,175,1,0.9500002286263981
26,177,0,0.031237361947923238
26,184,1,0.9999730628718354
26,187,0,0.0017846640238040417
26,193,0,0.00035900312554206784
26,195,0,5.0098037697891426e-05
26,196,0,0.008537512757681356
26,200,0,0.002184170813934042
26,201,0,0.0003481683606453805
26,205,0,0.001301166252754647
26,209,0,0.004725949631720192
26,210,1,0.9999555786466274
26,213,0,0.007505925216140316
26,229,1,0.4472005150892201
26,234,0,0.03785893236497384
26,240,1,0.12973667268421107
26,244,0,0.501381999291178
26,246,0,0.00316447899347399
26,248,0,0.0004226301754281601
26,263,0,0.00026109676091457077
26,267,0,0.5843742371377714
26,275,0,0.002108670524229009
26,278,0,0.00012044427933101002
26,281,1,0.99999461067469
26,282,0,1.2733845500708065e-05
26,292,0,0.04186263148687354
26,305,1,0.9973565336762122
26,307,1,0.0962679484866765
26,310,1,0.9999911989759391
26,313,1,0.9997290852622343
26,318,1,0.9999287505278984
26,321,0,0.07405902944300201
26,322,0,0.06274837784902165
26,325,1,0.9369025884945575
26,340,0,0.003726266223391903
26,350,0,0.00127855247064094
26,353,0,7.930732348733779e-05
26,354,0,0.005803613328521822
26,359,1,0.9953507860606068
26,369,1,0.5615001631264627
26,371,0,0.02422678543594439
26,375,1,0.6494773730930289
26,385,0,0.00041195594857759503
26,392,0,0.00021853147627864906
26,399,1,0.9999999999126198
26,406,1,0.6056394638566156
26,416,1,0.9999572149469522
26,427,0,0.01702986762467076
26,429,0,0.00014542067716675287
26,430,0,0.010948795238466124
26,431,0,0.09510023516831474
26,439,1,0.9999999504964974
26,441,0,0.27673255072765823
26,449,0,0.2175817797174171
26,450,0,0.5199744343209688
26,460,0,0.057486370336441994
26,461,0,0.0004447287468602637
26,479,0,0.026711115059561336
26,482,1,0.999999999999656
27,0,0,0.0031085665592987892
27,6,1,0.6575747516997661
27,13,0,0.011591964555430047
27,17,0,0.00018493193352508015
27,18,0,0.008277139091787391
27,28,0,0.011463857388114534
27,41,0,4.806000479554502e-05
27,44,1,0.9999999992543007
27,51,1,0.9999999617970232
27,53,0,0.0025986761673652417
27,55,1,0.9946972700955925
27,57,0,0.00016668229420909643
27,59,1,0.9999934789191703
27,62,1,0.21196363173352162
27,63,0,0.0015295040718474673
27,75,0,0.36402894693958954
27,76,0,4.561867851621133e-06
27,78,0,0.00020636912258227335
27,80,0,0.0007939057994349307
27,95,0,0.0010995959545388604
27,99,1,0.9999749630995769
27,103,0,0.019025598412261233
27,105,0,0.0012627253210117353
27,113,0,0.0002477341815007064
27,122,0,0.15454772247757165
27,123,0,3.662921293625292e-05
27,124,0,0.008683564592454287
27,133,1,0.9999999999996529
27,139,1,0.9521686612558107
27,140,1,0.9999877840561743
27,142,1,0.999999999049042
27,143,1,0.9282833066401301
27,146,1,0.9999662372434477
27,151,0,0.6466384035791668
27,161,0,3.477760846458396e-05
27,164,1,0.913223800532666
27,167,0,0.0003200049374869068
27,176,0,0.022207009051233725
27,180,0,1.2456614149524995e-05
27,182,1,0.003305745584950531
27,190,0,0.335954017974302
27,199,0,0.07478086252013656
27,202,1,0.9833641471305457
27,225,0,0.013007953750951214
27,228,1,0.9867508952233712
27,230,0,0.02325171243827069
27,231,0,0.012456082121755117
27,270,1,0.9971952189264389
27,272,1,0.9923559347386024
27,284,1,0.9968304467333311
27,285,0,0.24196322864467426
27,290,0,0.00021666163259034834
27,291,1,0.8775208589124872
27,293,0,0.05658151960875117
27,298,1,0.9999999999999849
27,299,0,0.061705298673477946
27,302,0,0.03897932356477497
27,304,0,0.04277466837416043
27,314,0,0.024935925773877987
27,315,0,0.00028408478397471716
27,319,1,0.9878459051480573
27,320,1,0.9999986522879545
27,329,0,0.0003160541165544309
27,332,0,0.07845504560427617
27,336,0,0.08124538472655135
27,339,0,0.0005535825849062414
27,341,1,0.9297485808789805
27,343,0,0.003500652877739292
27,346,0,0.0005281226924656289
27,347,0,0.0211424695245959
27,348,1,0.9999997122220818
27,368,0,0.009281460670845492
27,382,0,0.020942739409431525
27,389,0,0.005642122739819993
27,390,1,0.7816492066763039
27,391,1,0.9999996800549119
27,394,0,0.3932085987963395
27,398,1,0.9999992229540448
27,403,1,0.9997878844999812
27,404,0,0.0022163410382802923
27,410,1,0.9999738351733642
27,411,0,0.00990041900136705
27,412,0,0.005848614093874205
27,417,0,0.0007124649581437539
27,425,1,0.9999999116461877
27,428,0,2.1450737667227554e-05
27,432,1,0.9999893676343157
27,435,1,0.9312486620656415
27,438,1,0.9928827942400795
27,440,0,0.0007131790096054922
27,443,0,4.6746306874668894e-05
27,445,0,0.0024348500572931265
27,447,1,0.9278614160026553
27,457,0,0.0006592137237122443
27,459,0,0.00014287448131881984
27,465,0,0.0021713667550048443
27,480,0,0.14353394198869368
28,1,1,0.9999999999968285
28,2,0,0.04118786328476333
28,7,1,0.9341447152116298
28,9,0,0.03734552782963186
28,10,1,0.9999980599136211
28,15,0,0.0028072430132686137
28,30,0,0.0008955561478433245
28,34,1,0.9999970275931502
28,35,0,0.005270174330004131
28,40,1,0.9980619398856935
28,45,0,0.0047177446912127895
28,47,0,0.0006538857035354534
28,61,1,0.9999999489542907
28,70,1,0.989557113874961
28,72,0,0.0039298686252335294
28,84,1,0.9961772532496358
28,86,1,0.9999967988980231
28,87,0,0.14629177393853587
28,94,0,0.006191388695751106
28,101,1,0.9999998713311582
28,107,0,5.704099609750225e-05
28,119,1,0.9999985446574098
28,120,0,0.0004426539490300236
28,130,0,0.00011527937492051432
28,132,0,0.05506237557070037
28,158,0,0.0014409662647646452
28,165,1,0.9999975637476081
28,170,0,0.02495045189238341
28,172,0,0.04933095208649463
28,185,0,0.0035343369203770956
28,192,0,0.24480901771424604
28,194,0,0.0014619238172478557
28,197,1,0.9972856833649621
28,204,0,0.08345819018168021
28,208,1,0.9999997719439301
28,211,1,0.9877040548087835
28,221,0,0.007686681434722608
28,227,0,0.0021804374682530695
28,237,1,0.9995493147709511
28,238,0,0.01638064455903513
28,239,1,0.9999896965164365
28,242,0,0.0009504995855089219
28,243,0,0.002565089291363123
28,247,1,0.7331540061017454
28,250,0,6.355851893801221e-05
28,252,1,0.9999999983655723
28,260,0,0.015133606822562276
28,261,0,0.00037380869429214976
28,265,0,0.31810428206494606
28,269,0,2.9542678557907938e-05
28,271,0,0.00025417559463038555
28,279,0,0.005986883036692826
28,280,0,0.13177053684454051
28,283,0,0.001999015798372393
28,294,0,0.009551258455964155
28,296,0,0.00047532112786950715
28,303,1,0.9999855624823599
28,306,1,0.9693621245532718
28,308,0,0.010474914199689132
28,316,0,0.43404602408596615
28,317,1,0.9997422067430787
28,324,0,0.0014108670578819693
28,330,0,0.004792329424068681
28,333,1,0.9973961504046664
28,334,0,0.010848572377648668
28,342,0,0.017778101508307182
28,345,1,0.982977657347409
28,356,1,0.9999999919525335
28,358,0,0.04292730315064189
28,361,1,0.9999999763798231
28,363,0,0.007644848683225423
28,364,1,0.9999969776277795
28,365,0,0.011779768672238802
28,366,0,1.6885914290258593e-05
28,370,0,0.0026850905954366572
28,372,1,0.9996416563610159
28,374,0,0.05484391340061179
28,376,0,0.006527861517038269
28,380,0,0.0001197900486168701
28,381,0,0.0004156843228061516
28,386,1,0.999999999994277
28,400,0,0.004102660728416487
28,407,1,0.9999635087908043
28,413,1,0.9858168440819088
28,415,0,0.06493467193162773
28,418,1,0.9890652438471237
28,433,0,8.619286061665728e-05
28,434,1,0.9999939957080923
28,437,0,0.0025546585815358147
28,456,1,0.9999999142114315
28,466,0,0.42110464639859835
28,470,1,0.9940531408520901
28,472,0,0.019199725119110035
28,473,0,0.04120908977706588
28,474,0,0.0002725967553048438
28,475,0,0.0026529170029076284
28,481,1,0.9999969061067913
29,3,0,0.0014342758617467781
29,14,1,0.9999982702024875
29,22,0,0.01778599107521841
29,26,0,0.0001419449006494015
29,33,0,0.04831195832985721
29,38,0,0.0305034091135092
29,39,0,0.032647962714181356
29,50,0,0.00862031612121121
29,52,1,0.9999999848100909
29,56,0,0.02853146350358664
29,66,0,0.0006367362527396717
29,67,0,0.013223100677797927
29,71,1,0.9999931585126969
29,73,1,0.9999999999115285
29,74,0,0.6044665359002697
29,79,0,0.003110199008615559
29,82,0,0.0020328747214772907
29,100,1,0.9999925827499243
29,102,0,0.3388070433442789
29,104,0,0.03589258989176769
29,106,0,0.186775349407106
29,111,1,0.9999999576448888
29,115,0,0.05609510958361347
29,117,0,0.0005214115078348806
29,121,1,0.9999153216478459
29,125,1,0.9849697317415885
29,131,0,0.006487795585486865
29,136,0,0.210664330532654
29,137,0,0.09719071162858116
29,138,0,0.012826259842776293
29,144,1,0.9044801248138303
29,145,1,0.9999999999999849
29,147,1,0.9999991147485052
29,148,0,0.002309660928325729
29,152,0,0.0021047268317355705
29,153,0,0.036351611080382394
29,155,0,0.08451995428865863
29,157,1,0.9999999999982159
29,166,0,0.054689361858259664
29,171,0,0.026899887398331632
29,178,0,6.859977676699485e-05
29,189,0,0.0027925257526068936
29,207,0,0.11678931763396377
29,216,1,0.9999710178375035
29,217,0,0.00013083601785840164
29,219,1,0.9999999985328234
29,220,0,0.0005073563829887522
29,222,1,0.9996458153500694
29,224,1,0.999998392718171
29,232,0,0.0004916826034743284
29,233,0,0.0020514667427727813
29,235,0,0.0018173544055480359
29,236,0,0.0034443614313549075
29,245,1,0.9908931320487606
29,257,1,0.9812040494183389
29,262,1,0.7642785763017013
29,268,0,0.011364952885678199
29,273,1,0.999964499761784
29,276,0,5.203934374880764e-06
29,277,1,0.999970563613969
29,286,1,0.9999999079652386
29,300,1,0.9390829234202736
29,301,0,0.00265410602728834
29,309,1,0.9982857730833321
29,311,1,0.9999998021791012
29,323,0,0.12494723895719438
29,327,1,0.9999999927770253
29,328,0,0.012006059915036789
29,331,1,0.7093524507477493
29,335,1,0.9903262458972171
29,349,0,0.004626617201934885
29,351,0,0.12486164819694354
29,355,1,0.9971129243575483
29,357,1,0.9999999979148806
29,360,1,0.9998460159597987
29,378,0,0.050812640891337975
29,397,0,0.6895934044070685
29,402,1,0.925047583746001
29,405,1,0.9999999837750583
29,408,0,6.347264449183118e-05
29,419,0,0.00021863042836802105
29,420,0,0.0019003223549224173
29,422,0,0.13337225363755514
29,442,0,0.0048276509523256855
29,451,0,0.03751248051519463
29,452,0,5.26955493844857e-05
29,453,0,0.00045928404983921675
29,454,0,0.00314069002963193
29,455,1,0.9921701314930825
29,462,1,0.9999789340442149
29,463,0,0.08900982861794095
29,468,0,0.04180946391856433
29,469,0,0.0001585664718243995
29,471,1,0.9508714318642938
29,477,0,0.000287154429228948
29,478,0,0.017712357020816805
30,8,0,0.002978098719618115
30,11,1,0.999997733362228
30,19,0,0.005085639332722628
30,23,0,0.0018427954642855522
30,27,1,0.9999571954118023
30,29,0,0.00014166616936014885
30,31,0,0.003186531631494105
30,32,1,0.9999953945700222
30,36,0,0.005384816861423428
30,37,1,0.9999787989127236
30,48,0,0.002046757051544651
30,65,0,0.00291733368087985
30,69,1,0.9678073089877254
30,77,0,0.003950878982127261
30,81,0,0.00011599195988838145
30,85,0,0.0005697246904985549
30,90,1,0.9999969000268424
30,91,1,0.9925651292225695
30,93,1,0.9817683440757352
30,98,0,0.31693647534724784
30,108,1,0.9999723586378411
30,114,0,0.23957608749678644
30,116,0,0.009497815481294851
30,118,1,0.3045752165572352
30,128,0,0.016296903289025347
30,135,1,0.999999999993697
30,150,1,0.5537704993545768
30,154,0,0.00021488926552813361
30,156,0,0.0006701260939916489
30,162,0,0.18937112361880598
30,169,0,0.024023289003804727
30,179,1,0.8488938705459848
30,181,0,0.0404529125518725
30,183,1,0.9999999994616182
30,186,0,0.009966563918131064
30,188,1,0.9999994924444656
30,191,1,0.5423265626280704
30,198,0,0.038046717730410386
30,203,0,5.114436761041469e-05
30,206,0,0.00482051184380522
30,212,1,0.9999740590863465
30,214,1,0.9999914759626405
30,215,1,0.9999998690033707
30,218,1,0.8093959664122214
30,223,0,0.0006735821617054916
30,226,1,0.9999802366008097
30,241,1,0.9999999999704812
30,249,0,9.405144230339921e-05
30,251,1,0.9950960132183211
30,253,0,0.14410347391862216
30,254,1,0.9999999995426474
30,255,1,0.998120749712051
30,256,0,0.002001089418047729
30,258,0,0.007772284724902152
30,259,0,0.025885168730564595
30,264,0,0.020933081045508336
30,266,0,0.09530533929744311
30,274,0,0.20519124840686742
30,287,0,0.019923688115886885
30,288,0,0.003935521547847902
30,289,0,0.1316798649456106
30,295,0,0.1416810022308562
30,297,0,0.0014040335436347239
30,312,0,0.595520467949491
30,326,1,0.9999994728749994
30,337,1,0.16220362017141185
30,338,0,0.0015109428313916824
30,344,0,0.0013825110604055398
30,352,1,0.9999996430537883
30,362,0,0.0009019516120843795
30,367,1,0.9999999997574931
30,373,0,0.000181672998094895
30,377,0,0.2518079219526561
30,379,0,0.0017247697571923523
30,383,1,0.9999995335785663
30,384,0,0.00498946386736976
30,387,0,0.0035110524946400028
30,388,0,0.08778121831960735
30,393,1,0.9999999999965492
30,395,1,0.9999879861658914
30,396,0,0.3284246919946663
30,401,0,0.06255019558322084
30,409,0,0.32504728043815734
30,414,0,0.0020810322245328086
30,421,0,0.00035708830053068517
30,423,1,0.9921524328771765
30,424,0,0.00022887154332287227
30,426,0,0.08167610195618757
30,436,1,0.9999912116557894
30,444,1,0.9999999996808688
30,446,1,0.9999999805760326
30,448,0,0.05901261862184924
30,458,0,0.00748061161289831
30,464,0,0.0005729996631916918
30,467,0,0.19532559680628636
30,476,0,2.727271251645531e-06
31,12,1,0.999999999548645
31,13,0,0.00831635441719416
31,19,0,0.00442415289221894
31,23,0,0.0015472408740230354
31,28,0,0.018479309034977576
31,30,0,0.001459465122049532
31,31,0,0.002887156113936326
31,36,0,0.0032811849095864343
31,37,1,0.9999849310000066
31,45,0,0.0027096473106113595
31,50,0,0.007743159928811505
31,51,1,0.9999999745428811
31,56,0,0.028324676783633467
31,60,1,0.9806222672225888
31,61,1,0.9999999980172805
31,62,1,0.5187202210704334
31,80,0,0.011797516382539496
31,84,1,0.9972880527384713
31,85,0,0.00045188134480355
31,86,1,0.9999997473757418
31,93,1,0.9908084673860504
31,96,0,0.003588217020973443
31,98,0,0.24554209455777284
31,105,0,0.0025331111757023028
31,115,0,0.041042791258564415
31,121,1,0.999955435967095
31,123,0,0.00020422387731542627
31,126,0,0.00017259271721785683
31,132,0,0.04828284300915081
31,141,0,0.00023180223732941
31,145,1,0.9999999999999849
31,157,1,0.9999999999995854
31,159,1,0.6263511813249966
31,160,1,0.12960204744056014
31,162,0,0.1548897755170082
31,168,0,0.000700814532091468
31,173,0,0.056169685972671635
31,177,0,0.04133697267024056
31,183,1,0.9999999998938329
31,185,0,0.0015408977833973223
31,199,0,0.05136394061121212
31,206,0,0.002246449266442996
31,209,0,0.0028609187929926096
31,210,1,0.9999901535193993
31,215,1,0.9999999549151188
31,219,1,0.9999999997875202
31,220,0,0.00044617991427251273
31,223,0,0.0004389852025019027
31,236,0,0.00256593921315864
31,238,0,0.013697829661861984
31,250,0,5.6557769592813367e-05
31,252,1,0.9999999997957374
31,255,1,0.9944488784532004
31,264,0,0.023138599792831803
31,273,1,0.9999819694808918
31,277,1,0.9999647448872843
31,284,1,0.9997248265097902
31,285,0,0.3203591893009392
31,289,0,0.11844015676786179
31,293,0,0.04504196287445069
31,296,0,0.0005455915041267909
31,298,1,0.9999999999999849
31,300,1,0.9325710228709119
31,302,0,0.09439182820830933
31,303,1,0.9999966704514565
31,315,0,0.0003794672580318705
31,325,1,0.9295338526985697
31,338,0,0.0012493184270826198
31,342,0,0.018312471241776075
31,349,0,0.0028592440377713125
31,354,0,0.008042614043614778
31,356,1,0.999999997478936
31,357,1,0.9999999981447205
31,363,0,0.004494964845819817
31,368,0,0.012116740555514566
31,369,1,0.7307324178422105
31,370,0,0.0002945724955532756
31,371,0,0.011769882524452373
31,384,0,0.002775938625719925
31,386,1,0.9999999999997595
31,390,1,0.7980164312797454
31,414,0,0.0017887424074809867
31,427,0,0.012112545861686926
31,430,0,0.019146114594665684
31,434,1,0.9999992316213882
31,443,0,6.566222140045534e-05
31,444,1,0.9999999996932654
31,450,0,0.5399910331023556
31,451,0,0.020005876336480988
31,453,0,0.0003598010068343552
31,456,1,0.9999999773015762
31,464,0,0.00040210574253228375
31,467,0,0.15487285877938514
31,471,1,0.9481588765338544
31,475,0,0.0023663828844156017
31,479,0,0.03361417557890567
31,480,0,0.16359364447574365
32,1,1,0.9999999999981921
32,16,1,0.945619725980393
32,33,0,0.04592832254277136
32,40,1,0.9972238259873099
32,43,1,0.9999997767253732
32,49,0,0.00048076884869964763
32,53,0,0.0071657340062568926
32,58,1,0.9971260370767981
32,66,0,0.0012957337628463758
32,69,1,0.9595099272419269
32,72,0,0.0018928355558204212
32,76,0,9.301560503766381e-05
32,78,0,0.0006734710873789125
32,87,0,0.15198545892566695
32,90,1,0.9999799095754561
32,91,1,0.991639497502289
32,94,0,0.004546875259487533
32,95,0,0.004101882891412349
32,103,0,0.01771758515731195
32,106,0,0.18481868298135884
32,109,0,0.019948468241662146
32,129,0,0.013405308610567108
32,140,1,0.9999496039429228
32,147,1,0.9999986599146742
32,149,0,0.006504957698077791
32,152,0,0.0036261023380009553
32,153,0,0.03895055361233336
32,163,1,0.9757196866724308
32,164,1,0.9294677058157244
32,172,0,0.029736478209574153
32,184,1,0.9999693866809152
32,187,0,0.0042451163285818485
32,189,0,0.008243368084262353
32,195,0,0.00017478931464097656
32,198,0,0.03510822797553455
32,201,0,0.0009593796755868317
32,203,0,8.985873798498346e-05
32,207,0,0.11598888665475346
32,211,1,0.9887755837005612
32,214,1,0.9999926342931047
32,217,0,0.00027261055977559334
32,222,1,0.9967798679192961
32,226,1,0.9999676861768217
32,231,0,0.02134748379194675
32,233,0,0.002765384057446753
32,235,0,0.0028913844904155943
32,237,1,0.9963203351517971
32,241,1,0.9999999997979097
32,243,0,0.008660970401890603
32,244,0,0.5823482609309489
32,251,1,0.9863976108132348
32,253,0,0.15693676145395574
32,254,1,0.9999999987992312
32,257,1,0.9706002969677885
32,258,0,0.01335636540305404
32,259,0,0.0321561288796323
32,260,0,0.03182322987375239
32,265,0,0.2685584800135482
32,266,0,0.08544754751037106
32,271,0,0.0003772320954905064
32,274,0,0.20985315950007805
32,279,0,0.006754861791233004
32,280,0,0.16485585759338947
32,281,1,0.9999956504532185
32,282,0,3.882092669231412e-05
32,291,1,0.8367853851596506
32,292,0,0.05239795543008915
32,304,0,0.06986391694000865
32,306,1,0.9449472228750204
32,307,1,0.13891847146899006
32,314,0,0.0582727780512063
32,318,1,0.9999628324963935
32,319,1,0.9976436358155212
32,330,0,0.004574445181122413
32,335,1,0.9870872383907563
32,340,0,0.008954758003384586
32,343,0,0.008546292157481856
32,347,0,0.017098054699815526
32,359,1,0.9930390953424479
32,362,0,0.001603888818230623
32,365,0,0.02080098919773997
32,375,1,0.7799794586305508
32,387,0,0.005228665831397776
32,391,1,0.9999986070387505
32,401,0,0.10033722985974561
32,407,1,0.9998894511800673
32,411,0,0.013785833015542436
32,433,0,0.00014416696692764617
32,445,0,0.004810138534773522
32,447,1,0.9939016407646906
32,448,0,0.15062205712214177
32,460,0,0.15265285749690177
32,463,0,0.08624322979246485
32,468,0,0.06639918931879363
32,477,0,0.0011411992665712426
32,481,1,0.9999845810851355
32,482,1,0.9999999999991087
33,0,0,0.016427386967070107
33,2,0,0.07741503846607808
33,15,0,0.02142720281252511
33,18,0,0.013003244766641678
33,21,1,0.9963365514570531
33,22,0,0.0502352783840988
33,24,1,0.9367476998103585
33,25,0,0.027845165068483852
33,26,0,0.0020319184472405785
33,27,1,0.9885281008999032
33,41,0,0.003470599107320981
33,46,1,0.9572994847899989
33,55,1,0.9824249068977334
33,57,0,0.002946877285609162
33,64,1,0.9220697031778521
33,67,0,0.031711299934843375
33,71,1,0.9980082083558374
33,73,1,0.9999999977711356
33,82,0,0.013176631129545079
33,102,0,0.34028808890734585
33,108,1,0.9877903330168742
33,118,1,0.2945795477362489
33,119,1,0.9999996586638191
33,124,0,0.030688993795535198
33,127,0,0.010659524044053105
33,130,0,0.0011459647191382866
33,131,0,0.01819731934411608
33,148,0,0.013369783937877043
33,151,0,0.38054362341639664
33,155,0,0.06303156639157252
33,175,1,0.8480496236079529
33,176,0,0.03457981712845736
33,178,0,0.0011782060196927158
33,181,0,0.049624589531354964
33,186,0,0.024445046653450722
33,193,0,0.004605924309591645
33,194,0,0.007876668032021122
33,196,0,0.02776531881852296
33,197,1,0.9739144742888007
33,202,1,0.9349576853428526
33,213,0,0.03709740126750782
33,224,1,0.9980910973779069
33,225,0,0.021019938860412625
33,227,0,0.0018369216870441798
33,247,1,0.6719402582987349
33,262,1,0.553840172620018
33,263,0,0.00573491479137591
33,267,0,0.36575745135641846
33,269,0,0.0009964459304428075
33,272,1,0.9262114611981188
33,276,0,0.0002067805396304534
33,287,0,0.0508713299841264
33,288,0,0.01894194021123403
33,290,0,0.006329069097412498
33,295,0,0.1050907149637018
33,299,0,0.135397431201942
33,305,1,0.9513891434005561
33,309,1,0.9606068404880355
33,310,1,0.9935011421318678
33,313,1,0.9852010107911031
33,316,0,0.003748002851960161
33,320,1,0.9945278378820354
33,321,0,0.05927107592373211
33,323,0,0.1463782830852484
33,329,0,0.004326967792777306
33,331,1,0.5770290961743165
33,336,0,0.06780798357804958
33,337,1,0.20435435225913337
33,345,1,0.9210885621995542
33,350,0,0.005580702533037668
33,372,1,0.964464898466098
33,373,0,0.0016084049369602435
33,374,0,0.055902925694635786
33,377,0,0.23729130064692253
33,380,0,0.001726045317864887
33,383,1,0.9999989727698491
33,404,0,0.014628798580584919
33,409,0,0.31914661535659306
33,412,0,0.012615112237899719
33,413,1,0.9411637112234527
33,416,1,0.9923619174827322
33,417,0,0.011376194535833523
33,421,0,0.002963426451850143
33,422,0,0.1554343435549551
33,423,1,0.9557140955047871
33,425,1,0.9984110729037801
33,426,0,0.10574048981862617
33,428,0,0.0012039549270371236
33,435,1,0.7279060270286075
33,436,1,0.996617754820124
33,440,0,0.0032983422339848177
33,442,0,0.024736767154937223
33,452,0,0.001186183420501927
33,455,1,0.9372409549979037
33,461,0,0.003049476027080966
33,462,1,0.9962814131151871
33,465,0,0.06332634086909765
34,3,0,0.0011983347786100802
34,4,1,0.9999992390623766
34,5,0,0.0029690267994084566
34,6,1,0.6956743349089878
34,7,1,0.9133828497790506
34,8,0,0.002695000297578903
34,14,1,0.9999978754756351
34,17,0,0.00031604330658200534
34,32,1,0.9999941656263753
34,34,1,0.9999986362260533
34,38,0,0.0378047910260194
34,47,0,0.0007493323021820374
34,63,0,0.0036798437060736743
34,65,0,0.005412350170335796
34,68,0,0.0023932833881814813
34,70,1,0.9937216259433901
34,74,0,0.7105860224182697
34,75,0,0.5468283619813046
34,79,0,0.002976439786381028
34,83,1,0.970670738937126
34,88,0,0.007852289242290008
34,92,0,0.0008881624187018515
34,97,0,0.030982911898840667
34,99,1,0.9998925586005702
34,101,1,0.9999997521850169
34,104,0,0.02691077414925879
34,107,0,0.00011479421250908776
34,110,0,0.003944415013283193
34,113,0,0.0005208925031182178
34,117,0,0.0005683012888917541
34,125,1,0.9783275297806533
34,128,0,0.02004529831775161
34,134,0,0.00030097409577144944
34,135,1,0.9999999999488598
34,139,1,0.9693436884156582
34,150,1,0.5271002585365417
34,156,0,0.0011354714263987794
34,158,0,0.0014323897795618739
34,161,0,0.00021512355583911655
34,165,1,0.9999994545384975
34,166,0,0.052629439740381916
34,188,1,0.9999991586546664
34,190,0,0.2056949900759334
34,204,0,0.10644174693009381
34,205,0,0.0018440512661536568
34,212,1,0.999987614648312
34,216,1,0.9999696599025527
34,218,1,0.9166103495682916
34,221,0,0.0132521618837942
34,228,1,0.9982046182339908
34,229,1,0.5219190974454311
34,232,0,0.00037977397954499744
34,239,1,0.9999985535420776
34,240,1,0.3067475593967563
34,242,0,0.0006683702295494701
34,246,0,0.004110661191406155
34,261,0,0.0004172095208986327
34,268,0,0.012475651947482815
34,270,1,0.999932373817068
34,286,1,0.9999998223924639
34,294,0,0.01594711596402946
34,297,0,0.0022555711033862584
34,301,0,0.0026655443846665995
34,308,0,0.00614013355345734
34,312,0,0.6441297620476227
34,322,0,0.037048093476484086
34,328,0,0.017200575146214418
34,333,1,0.996792116600572
34,339,0,0.0010427466500250251
34,341,1,0.8432564741060171
34,352,1,0.9999990642974458
34,358,0,0.03369535582939737
34,360,1,0.9999163717725958
34,361,1,0.9999999922036154
34,367,1,0.9999999981530667
34,378,0,0.04771285783783919
34,382,0,0.02344177261808158
34,389,0,0.006911594710247524
34,392,0,0.0004753404056636309
34,393,1,0.9999999999464677
34,394,0,0.29073981058091647
34,395,1,0.9978195270472365
34,396,0,0.16812677532924206
34,397,0,0.3572138435943336
34,399,1,0.9999999995061337
34,406,1,0.5118800121926239
34,408,0,8.189237651218683e-05
34,415,0,0.06692226046426775
34,419,0,0.0002241802479688006
34,420,0,0.002095810728818002
34,424,0,0.00022744033696658802
34,431,0,0.16307487899306172
34,446,1,0.9999999727811586
34,466,0,0.49900405405277093
34,476,0,8.920222855176922e-06
34,478,0,0.018020337164678896
35,9,0,0.029305316110113618
35,10,1,0.9999992874081771
35,11,1,0.9999988262379211
35,20,0,0.0014635436853530062
35,29,0,6.33959053501509e-05
35,35,0,0.007961313969528568
35,39,0,0.007174165250270131
35,42,1,0.9507376019292368
35,44,1,0.9999999994310064
35,48,0,0.0014778755132608928
35,52,1,0.9999999966500488
35,54,0,0.015990066312704294
35,59,1,0.9999938214889712
35,77,0,0.0025374448363149225
35,81,0,5.9419080516845607e-05
35,89,0,7.308572981370518e-05
35,100,1,0.9999979071705323
35,111,1,0.9999999551093761
35,112,0,0.00010937607879186481
35,114,0,0.10400557819923209
35,116,0,0.005025261314132699
35,120,0,0.0004468435117006506
35,122,0,0.13491415645964228
35,133,1,0.9999999999998714
35,136,0,0.14349902128669603
35,137,0,0.06614564356713933
35,138,0,0.012442413425827328
35,142,1,0.9999999988926418
35,143,1,0.934864194376951
35,144,1,0.9327528430724596
35,146,1,0.9999665745476694
35,154,0,4.7176318115498526e-05
35,167,0,0.00047219101216104816
35,169,0,0.01313071573576503
35,170,0,0.027853436910392763
35,171,0,0.01721717271338269
35,174,1,0.7553141998577086
35,179,1,0.8837622432759572
35,180,0,8.47072503709226e-06
35,182,1,0.0034443419526528993
35,191,1,0.54311950520408
35,192,0,0.10920617785072462
35,200,0,0.0020642015903309593
35,208,1,0.9999999798896997
35,230,0,0.026609461401226213
35,234,0,0.03288919521612353
35,245,1,0.9845310423966807
35,248,0,0.0005069485210069199
35,249,0,3.679567377729808e-05
35,256,0,0.000823547646478075
35,275,0,0.0019623902615217665
35,278,0,7.635320639438398e-05
35,283,0,0.007234686936798805
35,311,1,0.9999997085726482
35,317,1,0.9998796852456742
35,324,0,0.0015949744616508177
35,326,1,0.9999998653070337
35,327,1,0.9999999924731036
35,332,0,0.08895043246267126
35,334,0,0.007876076082645662
35,344,0,0.0014918477252363895
35,346,0,0.0004873878514814295
35,348,1,0.9999997217794889
35,351,0,0.13891836583925307
35,353,0,9.358175397210182e-05
35,355,1,0.9951952078998739
35,364,1,0.9999995330303153
35,366,0,4.94215935380663e-06
35,376,0,0.010944410329856203
35,379,0,0.0001742304254195694
35,381,0,0.0005083895821198189
35,385,0,0.0004294596291919158
35,388,0,0.08495163383895929
35,398,1,0.9999992522253314
35,400,0,0.003927373304265255
35,402,1,0.9242807968952591
35,403,1,0.9997996836274579
35,405,1,0.9999999957199899
35,410,1,0.9999533503904028
35,418,1,0.9934524809378549
35,429,0,0.0002050906722001207
35,432,1,0.9999948696785106
35,437,0,0.00872963959781884
35,438,1,0.9939330033158783
35,439,1,0.9999999314880924
35,441,0,0.3118911472523176
35,449,0,0.10811614865481872
35,454,0,0.0019404071719938455
35,457,0,0.0007267767799064511
35,458,0,0.004325194293968988
35,459,0,0.00010327851497810978
35,469,0,7.424061427914026e-05
35,470,1,0.9950124883624276
35,472,0,0.022858649136372103
35,473,0,0.008718350134086872
35,474,0,0.00015777167020101645
36,0,0,0.006420838120917776
36,2,0,0.046247954244021915
36,11,1,0.9999969292090458
36,18,0,0.010855065924251605
36,23,0,0.0021280172615045874
36,24,1,0.9910002681024556
36,34,1,0.9999990695578387
36,39,0,0.02988072774619672
36,47,0,0.0008533812582109684
36,61,1,0.9999999874893343
36,72,0,0.0023637002770683564
36,86,1,0.9999995540827881
36,87,0,0.14303059156788897
36,88,0,0.004430701155234571
36,101,1,0.9999999027271047
36,103,0,0.015294899674373719
36,106,0,0.18329270022484598
36,109,0,0.0225756545044186
36,112,0,0.00036821005209682615
36,114,0,0.23284645281121538
36,115,0,0.07007296714581931
36,122,0,0.13768714169374843
36,126,0,0.0002450804512939436
36,139,1,0.9467111929361101
36,140,1,0.9999463326204895
36,141,0,0.00040605872420888887
36,143,1,0.9305695203183388
36,155,0,0.08797033720640478
36,157,1,0.9999999999979665
36,158,0,0.0013985440632199005
36,161,0,0.00032176582582345666
36,162,0,0.14184219647959087
36,164,1,0.9501932304638823
36,168,0,0.0011809354972864656
36,172,0,0.020908504669730814
36,175,1,0.9451449418457194
36,177,0,0.051334644643506865
36,183,1,0.9999999990465032
36,184,1,0.9999507494086614
36,204,0,0.1311202565979221
36,206,0,0.0076484429519594055
36,207,0,0.1935343869306606
36,211,1,0.979746470011248
36,217,0,0.00026856418444849283
36,219,1,0.9999999987631379
36,233,0,0.0019411421337880161
36,238,0,0.021449443850258973
36,242,0,0.001054528935395785
36,246,0,0.003805374402624549
36,252,1,0.999999999690508
36,259,0,0.025786256709614493
36,260,0,0.024844315327522234
36,261,0,0.0003674410390039458
36,270,1,0.9996902076465759
36,273,1,0.9999663220962803
36,278,0,0.00013954481459785655
36,279,0,0.0057685313452605315
36,280,0,0.12455896024674956
36,282,0,2.508640703210216e-05
36,292,0,0.057668479924586215
36,295,0,0.1089271792624637
36,298,1,0.9999999999999849
36,299,0,0.13672278277420766
36,301,0,0.005037353220617427
36,304,0,0.05193638690548033
36,322,0,0.047996116401708644
36,324,0,0.003167452307165623
36,327,1,0.9999999920518926
36,332,0,0.16200753765228293
36,333,1,0.9963094087813389
36,338,0,0.0019726895878848954
36,341,1,0.8666944708519175
36,342,0,0.050480110815291454
36,345,1,0.9837727201595863
36,347,0,0.01419096581296372
36,359,1,0.9935689179062408
36,360,1,0.999615996382376
36,370,0,0.0006253610340366368
36,376,0,0.016639870066554915
36,399,1,0.9999999999377367
36,402,1,0.909756869728322
36,416,1,0.999960956080592
36,418,1,0.9941278384962446
36,423,1,0.99136033890137
36,424,0,0.00027961538763794495
36,425,1,0.9999993922445678
36,427,0,0.019832918034917338
36,428,0,0.0002688937276045973
36,429,0,0.0004826971256973687
36,432,1,0.9999937839198431
36,434,1,0.999998295943153
36,442,0,0.004255438011461412
36,457,0,0.0019233727107195826
36,459,0,0.00032784235014793924
36,462,1,0.9999766368207444
36,471,1,0.9431096857991776
36,480,0,0.2201421042572514
37,1,1,0.9999999999999432
37,4,1,0.9999998004351833
37,10,1,0.9999991754250928
37,12,1,0.999999999275802
37,17,0,0.00021792990651177258
37,20,0,0.0012528338020516747
37,31,0,0.0011699261360572592
37,33,0,0.04472497952599647
37,36,0,0.004276561265148102
37,37,1,0.9999850629161653
37,40,1,0.9985746098208346
37,43,1,0.9999999587837507
37,45,0,0.0021724512324687298
37,53,0,0.0034299392696607736
37,54,0,0.02538613933023971
37,55,1,0.99596424676176
37,63,0,0.003956189755116499
37,64,1,0.9820426595678984
37,65,0,0.002590019786846189
37,68,0,0.0016691345936982636
37,76,0,2.446550791419943e-05
37,84,1,0.9967255260325897
37,89,0,6.680124695086342e-05
37,91,1,0.9964271077729928
37,100,1,0.9999987011474316
37,105,0,0.0020793589740350526
37,116,0,0.005438671133440531
37,117,0,0.0004003290867378769
37,125,1,0.9848754878693893
37,127,0,0.0002564183590474259
37,129,0,0.006635670831392799
37,131,0,0.0054544900249643286
37,132,0,0.043416035005098684
37,138,0,0.011689586177109787
37,148,0,0.0008861084038730723
37,154,0,4.010300097632273e-05
37,163,1,0.9806442459582456
37,171,0,0.01339091024950485
37,173,0,0.0420120703646108
37,176,0,0.009222768878967523
37,179,1,0.842168781900516
37,182,1,0.003993517838867684
37,186,0,0.010588674247909565
37,190,0,0.26209947772079517
37,199,0,0.06322109235596823
37,205,0,0.0014455006386077337
37,210,1,0.9999753471285476
37,213,0,0.012345306950053005
37,214,1,0.9999985328680017
37,215,1,0.9999999563936062
37,224,1,0.9999995125377255
37,231,0,0.01040934730262422
37,232,0,0.0003122296747817702
37,236,0,0.0027094516996515024
37,251,1,0.9966547234101083
37,272,1,0.9921852272745327
37,283,0,0.0064685754413636
37,284,1,0.9997244086489215
37,286,1,0.9999999684192378
37,289,0,0.10715977405264757
37,303,1,0.9999927087308993
37,320,1,0.9999992692805448
37,330,0,0.0015001143142874887
37,331,1,0.7469465511793145
37,334,0,0.005038124547116974
37,343,0,0.003366424508483767
37,346,0,0.0003338143742820918
37,349,0,0.002724189018679751
37,353,0,6.5836677583876e-05
37,354,0,0.0038831246554347516
37,362,0,0.0005807159632765786
37,365,0,0.012300100462330227
37,366,0,2.760296604085497e-06
37,367,1,0.9999999998601683
37,368,0,0.00800140447173848
37,373,0,5.412082094577661e-05
37,375,1,0.6969203584472372
37,380,0,9.591660890675825e-05
37,383,1,0.9999996824212241
37,386,1,0.9999999999997111
37,395,1,0.9999647050669711
37,398,1,0.999999353365655
37,405,1,0.9999999972728514
37,408,0,3.8683209986446155e-05
37,409,0,0.49670983287733994
37,413,1,0.9931524606108806
37,420,0,0.0014764230739266239
37,426,0,0.028002655488829978
37,446,1,0.9999999949979503
37,448,0,0.09840762675388864
37,449,0,0.16426592894746825
37,450,0,0.5808408915285435
37,453,0,0.0005376482785608952
37,467,0,0.23714476456447287
37,469,0,5.345039497085672e-05
37,474,0,0.00015406665274999393
37,477,0,0.0003868891982217309
38,3,0,0.0018940064081516906
38,6,1,0.8317430109842272
38,7,1,0.9114478897442033
38,14,1,0.9999978140653618
38,19,0,0.007408225240946336
38,21,1,0.9999935914517281
38,41,0,0.0008308572407308984
38,48,0,0.003355634019441957
38,49,0,0.00022673904056933313
38,58,1,0.9999531892194402
38,60,1,0.9782210490959633
38,69,1,0.9574278857232739
38,70,1,0.9887208147488848
38,77,0,0.0016711683503569344
38,78,0,0.00036790648894782823
38,80,0,0.024371251893534077
38,83,1,0.9822520076500196
38,92,0,0.0008911701155031866
38,96,0,0.005024578901897154
38,97,0,0.03159842202200107
38,104,0,0.02881882170896962
38,108,1,0.9999404577168756
38,111,1,0.9999999032893441
38,124,0,0.01940727551550908
38,128,0,0.018384008719285465
38,130,0,0.00011090327871291401
38,133,1,0.9999999999973412
38,144,1,0.9038072858147882
38,146,1,0.9998079885102016
38,149,0,0.0036153962456361016
38,150,1,0.5558173241703224
38,156,0,0.001520462987011426
38,159,1,0.7138113035179102
38,178,0,9.478532029020153e-05
38,187,0,0.002867222621940832
38,188,1,0.999999043809741
38,196,0,0.012660556842109073
38,201,0,0.0003844126933076954
38,203,0,7.892564758666992e-05
38,212,1,0.9999764590415109
38,218,1,0.8627501617863276
38,225,0,0.015517740428236488
38,226,1,0.9999728892431214
38,227,0,0.00018827905171028543
38,228,1,0.995852744289321
38,230,0,0.047914015641087285
38,234,0,0.03903531715646659
38,235,0,0.0017521631544108397
38,237,1,0.9981250192993243
38,243,0,0.015818816543711447
38,244,0,0.36306336037592535
38,245,1,0.9889074174320558
38,257,1,0.9793036762662239
38,258,0,0.008271357709102629
38,266,0,0.09277697720235929
38,267,0,0.39409556086324204
38,268,0,0.014052589132138202
38,269,0,6.669415429832453e-05
38,271,0,0.0002345616247653815
38,274,0,0.17135582922622863
38,277,1,0.9999666825424338
38,300,1,0.9247970440624476
38,305,1,0.9991186567923219
38,306,1,0.9713810359545614
38,312,0,0.6425798164948475
38,313,1,0.9997980073869308
38,316,0,0.001328893562968773
38,319,1,0.99945609352508
38,323,0,0.13537678823427407
38,329,0,0.000565113713563603
38,357,1,0.99999999591116
38,361,1,0.9999999907223185
38,369,1,0.7074596317048163
38,371,0,0.016200309595807
38,374,0,0.08441471232087897
38,377,0,0.1997254293793359
38,384,0,0.004558706913251361
38,385,0,0.0009962080132710617
38,394,0,0.3900436513153748
38,396,0,0.24025127073055755
38,397,0,0.5210628027873095
38,404,0,0.0058624128283332674
38,414,0,0.002703691222205096
38,421,0,0.0006670654661324834
38,437,0,0.013803878979519487
38,438,1,0.989557890196511
38,441,0,0.33410378561986254
38,443,0,9.317438408710187e-05
38,451,0,0.035632029938709994
38,452,0,7.928423744628014e-05
38,454,0,0.0033191113701574702
38,455,1,0.9921024309463667
38,460,0,0.15165079847537574
38,464,0,0.0005294274023602769
38,475,0,0.0023578340730093764
38,478,0,0.018749812562200586
38,481,1,0.999986039342387
39,9,0,0.02506064128562433
39,13,0,0.011631788700171158
39,26,0,0.00026405186845377565
39,27,1,0.9999459630452106
39,28,0,0.015042082731075804
39,29,0,0.00019537530966918422
39,35,0,0.01329307029301029
39,50,0,0.007883334132495375
39,51,1,0.9999999690581733
39,56,0,0.03315462605805669
39,59,1,0.9999819323726173
39,73,1,0.9999999999148761
39,74,0,0.5936310652310757
39,79,0,0.002384375135696113
39,81,0,7.850245156042001e-05
39,85,0,0.0019222120406806966
39,93,1,0.997629974730565
39,94,0,0.0015972305954118364
39,99,1,0.9999445528171205
39,102,0,0.3506607591352776
39,110,0,0.0023505808844914494
39,113,0,0.00021470663905012488
39,118,1,0.3160453910483516
39,121,1,0.9999230416812005
39,123,0,0.00012863581206499467
39,137,0,0.078540581413922
39,142,1,0.9999999905447214
39,145,1,0.9999999999999849
39,151,0,0.480088805695024
39,153,0,0.03275596315097147
39,160,1,0.16586583806056607
39,165,1,0.999999507902076
39,166,0,0.04006670543594128
39,169,0,0.03227878965039686
39,174,1,0.35644758980458247
39,180,0,3.4395814059055644e-05
39,181,0,0.0338811762436966
39,185,0,0.0022475667206027687
39,192,0,0.13976431206056278
39,194,0,0.001485458741630561
39,198,0,0.015764816238274783
39,202,1,0.9885455011770663
39,208,1,0.9999999798409316
39,209,0,0.006041474033208951
39,223,0,0.000430981731479028
39,229,1,0.5820785433930935
39,239,1,0.9999978020343947
39,240,1,0.009945972667908115
39,247,1,0.6601623698604961
39,248,0,0.0006633314951631382
39,254,1,0.9999999978680516
39,255,1,0.993165207345105
39,256,0,0.0011546283968537831
39,264,0,0.014204858895786574
39,275,0,0.00263887523910843
39,287,0,0.04314886978526106
39,288,0,0.004713479047450322
39,290,0,0.001385012031299947
39,291,1,0.8353091228898399
39,294,0,0.007462076806294223
39,296,0,0.0006109936904639994
39,314,0,0.03673587430700137
39,318,1,0.9999151441605403
39,325,1,0.9432233168371474
39,326,1,0.9999994870435429
39,328,0,0.0110658990326981
39,335,1,0.9911611856183813
39,336,0,0.06785339355652723
39,337,1,0.14193493177330363
39,339,0,0.0007337150695629259
39,340,0,0.0032351200069164025
39,344,0,0.0006372810511997104
39,348,1,0.9999994702439465
39,351,0,0.09496185979622127
39,352,1,0.9999995843734831
39,355,1,0.9969164906246049
39,358,0,0.039652870062952456
39,378,0,0.023695968738729315
39,381,0,0.0005253239487203809
39,382,0,0.01810633370804921
39,387,0,0.0029962808035384463
39,388,0,0.09884186007459139
39,389,0,0.009086876005666003
39,390,1,0.676165029197354
39,392,0,0.0007447554325022139
39,393,1,0.9999999999938969
39,400,0,0.004738686974197984
39,401,0,0.04814964573239251
39,411,0,0.006917693554261634
39,419,0,0.000263125055721062
39,430,0,0.022211629467662926
39,439,1,0.9999999944703792
39,456,1,0.9999999317525265
39,466,0,0.42035370525267146
39,470,1,0.9878146568148539
39,482,1,0.9999999999997817
40,5,0,0.002479114036799923
40,8,0,0.0018351626956719458
40,15,0,0.005960133927023251
40,16,1,0.9401202625641685
40,22,0,0.01410257152638567
40,25,0,0.00986530157939732
40,30,0,0.0021942977545877772
40,32,1,0.9999960090420121
40,38,0,0.03625752492553625
40,42,1,0.9393913302783521
40,44,1,0.9999999988633526
40,46,1,0.9681067961115652
40,52,1,0.9999999932884145
40,57,0,0.0003354905150905567
40,62,1,0.45706181861704065
40,66,0,0.000579403305215566
40,67,0,0.01532956529999456
40,71,1,0.9999898706460686
40,75,0,0.4266220132481483
40,82,0,0.0027684461269886452
40,90,1,0.9999818342672613
40,95,0,0.003441163953174677
40,98,0,0.1915464066817583
40,107,0,0.00012750188996252563
40,119,1,0.9999991628168559
40,120,0,0.0006251737413010675
40,134,0,0.00028716624584522866
40,135,1,0.9999999999947153
40,136,0,0.16912145018398358
40,147,1,0.9999984653461604
40,152,0,0.0017102670635469079
40,167,0,0.0007648695984142244
40,170,0,0.02921655363438773
40,189,0,0.004054883299690744
40,191,1,0.4892969189089378
40,193,0,0.0007154230146918918
40,195,0,4.672702286982321e-05
40,197,1,0.9888005616373481
40,200,0,0.0031372744166079606
40,216,1,0.9999751452768817
40,220,0,0.0004638751948194599
40,221,0,0.009475855309140984
40,222,1,0.9981691205644172
40,241,1,0.9999999998750617
40,249,0,9.427346318435855e-05
40,250,0,6.986829661985684e-05
40,253,0,0.1266845249705911
40,262,1,0.7116413594626284
40,263,0,0.0007475389595809627
40,265,0,0.2782086405372051
40,276,0,9.439576314763765e-06
40,281,1,0.9999970084900236
40,285,0,0.2565953616048011
40,293,0,0.05160444771733895
40,297,0,0.002061156669035497
40,302,0,0.06112079461343911
40,307,1,0.1400835518730131
40,308,0,0.006148063093395918
40,309,1,0.9954290547395999
40,310,1,0.9999855377225478
40,311,1,0.9999997606735416
40,315,0,0.0006016026488344408
40,317,1,0.9973459091824772
40,321,0,0.08569368981649772
40,350,0,0.0013024637332900934
40,356,1,0.9999999935779508
40,363,0,0.008687083719007657
40,364,1,0.9999991063835063
40,372,1,0.9960564422968886
40,379,0,0.0021779246740736774
40,391,1,0.9999992351944058
40,403,1,0.9979641296253698
40,406,1,0.6489795984211807
40,407,1,0.9984811520896054
40,410,1,0.9999227978022669
40,412,0,0.00720159819559164
40,415,0,0.06109424137229086
40,417,0,0.0015510574293632756
40,422,0,0.167700216826624
40,431,0,0.15817593974656322
40,433,0,4.6364985840149876e-05
40,435,1,0.9317313836223029
40,436,1,0.9999912676001851
40,440,0,0.0011710963915903272
40,444,1,0.9999999989393962
40,445,0,0.003415936131695309
40,447,1,0.9845578140462694
40,458,0,0.008244448772548483
40,461,0,0.0008154746431244765
40,463,0,0.0893580229494979
40,465,0,0.013188897604558434
40,468,0,0.05169169932495736
40,472,0,0.019894080561592486
40,473,0,0.02077901014118813
40,476,0,9.310057541452656e-07
40,479,0,0.057374380611198386
41,8,0,0.0036829331473776147
41,9,0,0.041517841872587835
41,11,1,0.9999968440906537
41,13,0,0.013565536492190434
41,22,0,0.019588097203931235
41,26,0,0.0001949518455321698
41,36,0,0.006123733029834993
41,41,0,0.000607064000009202
41,42,1,0.9167775329691885
41,43,1,0.999999876160695
41,44,1,0.9999999993442661
41,52,1,0.999999986648981
41,54,0,0.01139746462604135
41,66,0,0.0008193020075750075
41,67,0,0.015852073900864204
41,69,1,0.9607521129669944
41,70,1,0.9852705016115623
41,72,0,0.002130010254780572
41,88,0,0.00394940209708681
41,94,0,0.002304997039489445
41,95,0,0.0025227207821601804
41,98,0,0.2834964453481855
41,100,1,0.9999937431134565
41,103,0,0.01229223280834454
41,105,0,0.0029013021001196844
41,125,1,0.9842589050622315
41,129,0,0.007585576924282867
41,136,0,0.19172633964948368
41,139,1,0.9439076000961814
41,143,1,0.9389807073676846
41,146,1,0.9998554029489737
41,149,0,0.003148707824025622
41,152,0,0.002126764633272245
41,153,0,0.035528326737792576
41,157,1,0.9999999999984759
41,158,0,0.0013184934696286333
41,164,1,0.9499721459933497
41,167,0,0.0008437384178209918
41,173,0,0.05652320822641298
41,177,0,0.04402072716404128
41,181,0,0.03785432202885075
41,185,0,0.0022238011113852934
41,189,0,0.003526126611873598
41,196,0,0.013442090230376194
41,205,0,0.0017547223139036086
41,206,0,0.0051571116432063855
41,223,0,0.0005945981675644445
41,225,0,0.016361183993848127
41,226,1,0.9999743881172907
41,229,1,0.5883965700119068
41,238,0,0.02312225555336756
41,246,0,0.002830451685796839
41,248,0,0.001069639884137653
41,252,1,0.9999999997185725
41,253,0,0.1286286701249245
41,260,0,0.02518895509935635
41,272,1,0.987758939190751
41,273,1,0.9999669455839557
41,276,0,1.0321670575259188e-05
41,282,0,1.837153673897716e-05
41,286,1,0.9999999323176498
41,287,0,0.023361776626386117
41,292,0,0.05267418168689591
41,297,0,0.0015506651324827237
41,298,1,0.9999999999999849
41,305,1,0.9964228637425822
41,306,1,0.965742130728622
41,322,0,0.03783044147020567
41,331,1,0.6471017900650454
41,336,0,0.062475475242329576
41,337,1,0.19622786120324281
41,338,0,0.0014746645731369004
41,345,1,0.9846404445601727
41,353,0,0.00022042208377204368
41,354,0,0.006687186831658032
41,359,1,0.9933594181762143
41,360,1,0.9978610030577693
41,367,1,0.9999999984303043
41,384,0,0.004785913881560796
41,388,0,0.13120729976769682
41,392,0,0.0004415973851443848
41,393,1,0.9999999999915243
41,402,1,0.9091567115887857
41,411,0,0.008687988386296547
41,417,0,0.0020553667450361186
41,418,1,0.9917898914707908
41,428,0,0.00018643488555108046
41,431,0,0.17089087786871457
41,435,1,0.9338355535578038
41,446,1,0.9999999891904656
41,448,0,0.07102777955974328
41,452,0,8.157456275661957e-05
41,460,0,0.09827353759503879
41,466,0,0.4750502072288262
41,470,1,0.9934307929443347
41,475,0,0.0025708662738889135
41,482,1,0.9999999999991724
42,1,1,0.9999999999997229
42,18,0,0.01549591133954058
42,29,0,0.0001524424275717127
42,30,0,0.0017199035981755794
42,31,0,0.0041954037333841706
42,35,0,0.01217788801266373
42,37,1,0.9999676932666106
42,39,0,0.01434448176540856
42,47,0,0.0008005674266760439
42,51,1,0.9999999129128088
42,55,1,0.9925671520191601
42,59,1,0.9999917355640157
42,61,1,0.9999999848451675
42,65,0,0.004260126293101727
42,83,1,0.9742900081101282
42,86,1,0.9999996353565348
42,92,0,0.0022285109736803962
42,104,0,0.018636053720962106
42,106,0,0.12519167787890037
42,107,0,0.0001035564133853628
42,112,0,0.0002150762638365569
42,116,0,0.007565313828860638
42,120,0,0.0008288226706619367
42,121,1,0.9999303679462386
42,124,0,0.017816345051908593
42,126,0,0.00019623347701517346
42,145,1,0.9999999999999849
42,148,0,0.0019443195602027493
42,156,0,0.00047702805400699885
42,160,1,0.1214358340498211
42,169,0,0.01967361425096431
42,172,0,0.047473736456358114
42,174,1,0.6073758277427447
42,188,1,0.999999755233849
42,191,1,0.5274069559699104
42,199,0,0.045677222182567034
42,207,0,0.12100327244778417
42,211,1,0.9806224399574024
42,212,1,0.999974979992954
42,222,1,0.9976584473583785
42,227,0,0.00042046165434152146
42,230,0,0.03791634328375361
42,231,0,0.015496762488442267
42,249,0,9.419753571998256e-05
42,257,1,0.9614144028722635
42,262,1,0.6778795257572228
42,265,0,0.22005490828049692
42,270,1,0.9975543681584753
42,275,0,0.002462545260275233
42,277,1,0.9999767742762797
42,290,0,0.0031416127232803395
42,293,0,0.035165542840273595
42,304,0,0.04234842966325001
42,307,1,0.11409985876947075
42,313,1,0.9985129029231083
42,315,0,0.0006618198654596216
42,321,0,0.05443885544563921
42,326,1,0.9999991614267763
42,328,0,0.009572322993179574
42,332,0,0.1230386379334027
42,335,1,0.9893386937743607
42,339,0,0.0008816236389169924
42,341,1,0.8540288789606683
42,343,0,0.005017428271900052
42,350,0,0.0014917141715113085
42,356,1,0.9999999935864015
42,361,1,0.9999999960887225
42,365,0,0.011849518496649229
42,366,0,1.923536980216642e-05
42,368,0,0.010074404992134271
42,373,0,0.00016421471542534726
42,377,0,0.17851295216333224
42,378,0,0.05515351890835357
42,390,1,0.7374683187185942
42,398,1,0.9999956475915894
42,399,1,0.9999999999823967
42,403,1,0.9980021577122885
42,404,0,0.0061494405014092465
42,407,1,0.9985413547249196
42,412,0,0.006660957699523294
42,416,1,0.9999594272035112
42,427,0,0.012047160206690399
42,429,0,0.0004655140486325561
42,433,0,7.698727273612084e-05
42,437,0,0.011870365210491727
42,439,1,0.9999999393030203
42,441,0,0.31134104539355445
42,442,0,0.009514087057770666
42,445,0,0.0028610591402869114
42,449,0,0.15097377820317098
42,456,1,0.9999999408729165
42,457,0,0.0008537762789569924
42,463,0,0.073948090244268
42,468,0,0.056101383616081024
42,472,0,0.02645611485028117
42,477,0,0.0006616108291643058
42,480,0,0.12018425929535999
43,6,1,0.8188381674788778
43,10,1,0.9999988545470242
43,27,1,0.9999471602701321
43,28,0,0.02751767226087239
43,33,0,0.03217135928423847
43,38,0,0.03053723058355
43,46,1,0.9790877518141976
43,48,0,0.0018991715025252062
43,56,0,0.03707196235815857
43,58,1,0.9997422477984086
43,68,0,0.002334837635128473
43,71,1,0.9999933901367962
43,76,0,1.8148471898829542e-05
43,77,0,0.0027174424065911544
43,78,0,0.00015625975790094113
43,85,0,0.00020962574398458023
43,89,0,3.472008475839495e-05
43,93,1,0.9898174372770481
43,97,0,0.03226245626742579
43,99,1,0.9999590026411509
43,115,0,0.07452791827856808
43,117,0,0.00031146431235225833
43,118,1,0.2851711795043681
43,119,1,0.9999996594121646
43,122,0,0.16174030516595383
43,123,0,6.087116409022195e-05
43,131,0,0.004441578947272455
43,141,0,0.00010538059255858523
43,150,1,0.42851915252880923
43,155,0,0.09394365500432697
43,159,1,0.6382640958967266
43,170,0,0.046438800525584835
43,171,0,0.018671390649847276
43,175,1,0.9572016462933521
43,176,0,0.009710591220401354
43,182,1,0.0028737371208129633
43,183,1,0.9999999974289961
43,184,1,0.9998777299382318
43,192,0,0.08004645330473731
43,195,0,3.592020395717844e-05
43,200,0,0.002502138449402818
43,201,0,0.00022649028068374508
43,202,1,0.9833309263231266
43,204,0,0.06097193332596702
43,208,1,0.9999999587398423
43,209,0,0.001751913325824704
43,213,0,0.01952104176941417
43,214,1,0.9999969866794567
43,217,0,7.083368526525463e-05
43,224,1,0.9999989598699912
43,232,0,0.00033412130570360967
43,242,0,0.00037494316180702126
43,243,0,0.005255776532191315
43,244,0,0.36071421916857144
43,251,1,0.9962154081419964
43,263,0,0.0004238944116845045
43,267,0,0.20919138655282055
43,271,0,7.384282064582652e-05
43,278,0,4.5004212250425174e-05
43,281,1,0.9999977956839965
43,289,0,0.11493985181150126
43,291,1,0.9195663916514849
43,295,0,0.1077641763234496
43,296,0,0.0005455284257108872
43,300,1,0.9397207735658022
43,303,1,0.9999838309416749
43,309,1,0.9978047662625137
43,311,1,0.9999994135595309
43,312,0,0.7647859919977946
43,316,0,0.0009201239207341695
43,319,1,0.9995856919641672
43,346,0,0.0005301792628829191
43,355,1,0.9968590002186293
43,357,1,0.9999999992183257
43,369,1,0.7446786030535569
43,370,0,0.0002258058075290769
43,374,0,0.11162398199222154
43,375,1,0.6831336983507521
43,381,0,0.0006624640449592077
43,382,0,0.01404832491181521
43,387,0,0.0020525436843453213
43,394,0,0.33687072439439414
43,408,0,3.6747655457697754e-05
43,410,1,0.9999171651551741
43,414,0,0.001519929851963492
43,420,0,0.0009358367371592104
43,422,0,0.11280934821350086
43,423,1,0.9943311724496386
43,426,0,0.024988305853802677
43,430,0,0.019282560758258946
43,438,1,0.9943268619193129
43,451,0,0.02092123629780695
43,459,0,0.00013858952170859323
43,462,1,0.9999480180836753
43,465,0,0.013970641393202319
43,469,0,9.39993796890127e-05
43,479,0,0.04087982563746993
44,0,0,0.00692552393950893
44,2,0,0.04306234956661371
44,3,0,0.0015444993364249365
44,5,0,0.0036823787991845072
44,16,1,0.9170399547852507
44,19,0,0.005009333366709558
44,20,0,0.004129467013205041
44,21,1,0.9999961943930763
44,23,0,0.001523537859000613
44,24,1,0.9898933614135483
44,25,0,0.00797426447610057
44,53,0,0.004661417093125867
44,60,1,0.9716330456260345
44,62,1,0.6092101965344764
44,63,0,0.0054981421023908355
44,64,1,0.9734350782839587
44,75,0,0.4519328020222949
44,80,0,0.01750225174279833
44,82,0,0.002945875259382457
44,87,0,0.1143544983058161
44,90,1,0.9999881662058874
44,91,1,0.9914863195162414
44,96,0,0.005394061281643033
44,102,0,0.2804406609550795
44,109,0,0.021272047559537835
44,114,0,0.1549399698854026
44,127,0,0.0009163260209304489
44,132,0,0.056378546310665016
44,134,0,0.00043431366994896975
44,142,1,0.9999999950086984
44,144,1,0.917094662893008
44,147,1,0.9999988154698594
44,154,0,0.00013603267271186203
44,161,0,0.000197871229422603
44,163,1,0.9765137587174886
44,166,0,0.02805729597899914
44,179,1,0.8241223016944283
44,186,0,0.013370589333607387
44,187,0,0.003335553379914432
44,193,0,0.0005976722273219289
44,198,0,0.03982933728702315
44,218,1,0.8287976101141141
44,219,1,0.9999999977783697
44,233,0,0.0020155779766715875
44,234,0,0.05230465595952899
44,235,0,0.001980550704973996
44,236,0,0.003325144947811153
44,237,1,0.9965680957820924
44,239,1,0.9999977401471092
44,250,0,5.658692040507369e-05
44,254,1,0.9999999985409929
44,256,0,0.0017745702424586131
44,258,0,0.009617336833288977
44,261,0,0.00030485540049752835
44,264,0,0.027657161802017226
44,268,0,0.015212910892187695
44,269,0,7.099916439299408e-05
44,280,0,0.12253447794490759
44,283,0,0.006226169180514682
44,284,1,0.9961949317539429
44,285,0,0.2738060029700119
44,288,0,0.0043331410717782695
44,294,0,0.013095990252838457
44,314,0,0.05081724003572402
44,317,1,0.9972384914586393
44,320,1,0.9999952902255723
44,329,0,0.0006012793648451757
44,330,0,0.0026483438679212002
44,340,0,0.004090201715022296
44,344,0,0.0016624714978206142
44,347,0,0.012325100860699947
44,349,0,0.004208307097528465
44,358,0,0.03143831684654784
44,364,1,0.9999987923472524
44,372,1,0.9961918359032766
44,376,0,0.014908180104185773
44,383,1,0.9999996065778871
44,389,0,0.006431004303604122
44,391,1,0.9999989944956265
44,395,1,0.9984109232904202
44,400,0,0.00507137717472469
44,405,1,0.9999999852431218
44,406,1,0.6915771294495312
44,415,0,0.06880452283367164
44,421,0,0.0006366915433757478
44,425,1,0.9999995073669766
44,434,1,0.9999971842794839
44,436,1,0.9999900804213817
44,440,0,0.0014218191003036592
44,444,1,0.9999999989530228
44,447,1,0.9940368319863906
44,455,1,0.9912329987435418
44,471,1,0.9231979651510892
44,473,0,0.02559369087568294
44,474,0,0.00035553424257577665
44,481,1,0.9999904162038142
45,4,1,0.9999995999549445
45,7,1,0.9297206102358682
45,12,1,0.9999999984390018
45,14,1,0.9999994220842737
45,15,0,0.00714040019568176
45,17,0,0.0003796520686916
45,32,1,0.9999983293336444
45,34,1,0.9999992496270416
45,40,1,0.9997729311175029
45,45,0,0.003827433431518491
45,49,0,0.00012711864489548712
45,50,0,0.015712524172722567
45,57,0,0.0003330501807934855
45,73,1,0.999999999470546
45,74,0,0.6365099090733823
45,79,0,0.0023140884497166534
45,81,0,0.0001403610807722393
45,84,1,0.9937993813724482
45,101,1,0.9999999234167467
45,108,1,0.9999387560586909
45,110,0,0.004278293941002829
45,111,1,0.9999999675782916
45,113,0,0.0004351447568376394
45,128,0,0.02371304608584801
45,130,0,2.853886690637739e-05
45,133,1,0.9999999999997682
45,135,1,0.9999999999945652
45,137,0,0.06511434833755932
45,138,0,0.006993964677177233
45,140,1,0.9999686997083566
45,151,0,0.5426736170183605
45,162,0,0.21066411538969693
45,165,1,0.9999996295305402
45,168,0,0.001865367637875048
45,178,0,9.787457441247408e-05
45,180,0,1.3034106939640687e-05
45,190,0,0.2883099486497074
45,194,0,0.0011057110044717271
45,197,1,0.992040752183164
45,203,0,1.955958227257695e-05
45,210,1,0.9999511486755264
45,215,1,0.9999999306446065
45,216,1,0.9999684701481805
45,220,0,0.00019358857598423558
45,221,0,0.006005703751586133
45,228,1,0.9982414118305263
45,240,1,0.050914701463734696
45,241,1,0.9999999999573621
45,245,1,0.9938806499963473
45,247,1,0.8037225011566831
45,255,1,0.998918486570646
45,259,0,0.02174894900724878
45,266,0,0.14153846680373
45,274,0,0.11355635921087373
45,279,0,0.0052842909950192585
45,299,0,0.11442865802478908
45,301,0,0.0015459462436783204
45,302,0,0.11367320784917949
45,308,0,0.00209438234700829
45,310,1,0.9999984148830192
45,318,1,0.9999425189194048
45,323,0,0.09483823692471324
45,324,0,0.001189450810408848
45,325,1,0.9732719246203916
45,327,1,0.9999999963014021
45,333,1,0.9983714045503436
45,334,0,0.012901935030850742
45,342,0,0.04596313546552752
45,348,1,0.9999996324609849
45,351,0,0.043980572954093695
45,352,1,0.9999997027009888
45,362,0,0.0014935415514347188
45,363,0,0.0051193432170859275
45,371,0,0.024963171034450636
45,379,0,0.007128132422577586
45,380,0,0.0001716922843660544
45,385,0,0.0012092939237808788
45,386,1,0.9999999999990392
45,396,0,0.3449639543387475
45,397,0,0.5890997251706616
45,401,0,0.07351390725721832
45,409,0,0.586693491425542
45,413,1,0.9939002877662304
45,419,0,0.00018529185898294247
45,424,0,0.0001298785959186845
45,432,1,0.9999943498513325
45,443,0,5.421534464972174e-05
45,450,0,0.48710815563064414
45,453,0,0.0007541968784001022
45,454,0,0.005377226404208771
45,458,0,0.010680268328633932
45,461,0,0.0007267932797807409
45,464,0,0.00032375720025813823
45,467,0,0.340967067554666
45,476,0,9.839876747479411e-06
45,478,0,0.009357890936116244
46,2,0,0.0689396556860665
46,10,1,0.9999963458308336
46,13,0,0.03787033468322613
46,14,1,0.999998571794748
46,21,1,0.9999946439571634
46,27,1,0.9977900795989587
46,30,0,0.01395922090513233
46,32,1,0.999994022359662
46,50,0,0.020176663822083003
46,51,1,0.9999999327856893
46,63,0,0.01059903752570212
46,64,1,0.9546462035053302
46,70,1,0.9445597378334092
46,72,0,0.004292895257022652
46,76,0,0.0003732232949646755
46,77,0,0.003945132310507228
46,78,0,0.0029893605379860857
46,85,0,0.00227644286904147
46,89,0,0.0010701210321189048
46,92,0,0.0007762609356746723
46,94,0,0.004218147700253253
46,96,0,0.011043730198578367
46,103,0,0.013881437173071338
46,104,0,0.0286389126889548
46,107,0,0.0008577544839654686
46,120,0,0.002925402700812584
46,122,0,0.14700518744278582
46,129,0,0.011358169855519244
46,133,1,0.9999999999989877
46,136,0,0.2161437975049888
46,145,1,0.9999999999999849
46,154,0,0.0024284366760256174
46,155,0,0.06109177848335223
46,169,0,0.03552299159346303
46,174,1,0.7418513410885417
46,181,0,0.03895847364110193
46,185,0,0.005223818236487053
46,192,0,0.12815121187868958
46,196,0,0.01588820864131544
46,199,0,0.07026781948347818
46,202,1,0.9624373533626929
46,203,0,0.000994507530075218
46,205,0,0.005345391907891875
46,206,0,0.008621463313993613
46,208,1,0.9999999312881376
46,212,1,0.9982410569134137
46,214,1,0.9999858668999022
46,218,1,0.8144835795713488
46,221,0,0.011176998972422478
46,226,1,0.9950886762205022
46,229,1,0.3862387660358376
46,232,0,0.0018925364599602916
46,249,0,0.0004039349990936391
46,250,0,0.0004690282038269133
46,251,1,0.9541414162218996
46,255,1,0.9685356320884934
46,263,0,0.002913303655335936
46,273,1,0.9985073624571696
46,275,0,0.011181328576112017
46,277,1,0.9952359721204169
46,284,1,0.9849040027675429
46,288,0,0.010649221781370668
46,290,0,0.0202772702143054
46,296,0,0.0018491584867264077
46,306,1,0.9588606886476091
46,310,1,0.9999942166506154
46,311,1,0.9999996809539103
46,312,0,0.5286790334545148
46,313,1,0.9860222050116632
46,323,0,0.19826596232901322
46,326,1,0.999999023183173
46,331,1,0.7295456864109485
46,332,0,0.19526327509450989
46,339,0,0.00637698353649324
46,340,0,0.010647228680537411
46,346,0,0.006619443521563819
46,354,0,0.016824726728405584
46,356,1,0.9999999960399297
46,362,0,0.002254341274549587
46,369,1,0.627085196978336
46,373,0,0.002102893226863397
46,375,1,0.6865895913975668
46,377,0,0.19678442413074917
46,381,0,0.0028838572536513305
46,402,1,0.8994314824953453
46,407,1,0.9999372502562969
46,408,0,0.0008030260715315476
46,409,0,0.5197724342661135
46,419,0,0.0015784110354032745
46,433,0,0.0005552318632378501
46,444,1,0.9999999985305686
46,451,0,0.044649134760598716
46,454,0,0.006424853289933429
46,456,1,0.9999998849365352
46,458,0,0.01020423552620811
46,476,0,3.756985901140305e-05
46,479,0,0.05710286250559367
47,1,1,0.9999999999992151
47,7,1,0.8668451569031492
47,15,0,0.011145933911718212
47,26,0,0.00015180919273808597
47,31,0,0.0031469336433456317
47,34,1,0.9999986383952704
47,39,0,0.03911052149214039
47,44,1,0.9999999991896678
47,46,1,0.9886489050205681
47,52,1,0.9999999825044859
47,55,1,0.9994720198747123
47,57,0,0.00017220653038994304
47,58,1,0.999852915532073
47,71,1,0.9999899275499311
47,79,0,0.0057690910930097246
47,90,1,0.999993002178768
47,91,1,0.994193182559048
47,93,1,0.9878902175290329
47,95,0,0.002281553478172306
47,98,0,0.3765908340477479
47,102,0,0.39962565104598774
47,105,0,0.0017999221139946627
47,108,1,0.999942504718612
47,116,0,0.017437143994072906
47,123,0,6.4291046924339e-05
47,131,0,0.007829963370947482
47,141,0,0.0002527856257486964
47,142,1,0.9999999938070115
47,146,1,0.999815874414234
47,151,0,0.50693558602046
47,152,0,0.001906407033284369
47,157,1,0.9999999999992215
47,158,0,0.0012952367454563333
47,162,0,0.2655446945174429
47,178,0,7.029411942608851e-05
47,187,0,0.002120622799519663
47,190,0,0.39775997572346034
47,191,1,0.5453271202044427
47,193,0,0.0005868216869107444
47,198,0,0.05337063931978002
47,204,0,0.07572675367310057
47,211,1,0.9905679815138675
47,215,1,0.9999998307505682
47,219,1,0.9999999987589401
47,220,0,0.0004990212238430423
47,223,0,0.0003598450388152157
47,224,1,0.9999981692539734
47,228,1,0.9967931032825184
47,230,0,0.03940954789346966
47,231,0,0.015822257469652132
47,236,0,0.005684134113468448
47,253,0,0.16863535084573722
47,257,1,0.9852329291149751
47,267,0,0.3766969434472405
47,271,0,9.524387050932942e-05
47,278,0,4.7902898854939254e-05
47,279,0,0.004966713733671095
47,291,1,0.8355587539477465
47,293,0,0.06406401315867088
47,294,0,0.013400030941343281
47,297,0,0.002161324461423813
47,309,1,0.9995740260108676
47,316,0,0.0005327808280480314
47,317,1,0.9998917219971403
47,319,1,0.9992506943436248
47,321,0,0.057963900162769505
47,322,0,0.046461655666774286
47,328,0,0.010971237130336323
47,330,0,0.0028223437047433814
47,336,0,0.06580894201390475
47,345,1,0.9926231692492955
47,347,0,0.024602794896397273
47,348,1,0.9999991975301309
47,355,1,0.997906151233678
47,367,1,0.999999999114223
47,370,0,0.00026478955595874587
47,374,0,0.0793745107766128
47,376,0,0.020763758599554955
47,378,0,0.030411803948752387
47,389,0,0.0062607373466144044
47,391,1,0.9999993278304438
47,394,0,0.5865111875346003
47,397,0,0.8826624023801366
47,415,0,0.06164012232693667
47,417,0,0.004123698562047601
47,425,1,0.9999992884144486
47,431,0,0.2465248515182466
47,432,1,0.999991474039749
47,437,0,0.012917399608359248
47,438,1,0.9953698837600362
47,443,0,0.00010461617695720028
47,461,0,0.0009363291041276118
47,463,0,0.16669052941895474
47,468,0,0.06370216866974884
47,472,0,0.019782997259643977
47,478,0,0.018976120459386632
47,481,1,0.9999840867384915
48,5,0,0.00501162398382699
48,8,0,0.003901084684539269
48,9,0,0.06227998584195812
48,11,1,0.9999953233524013
48,12,1,0.999999997411812
48,19,0,0.004609862954510661
48,28,0,0.017292729921195363
48,37,1,0.999971671380016
48,40,1,0.9982331717076594
48,47,0,0.0009290892870944304
48,48,0,0.002122598781417141
48,49,0,0.0001841152373058451
48,56,0,0.02528983512189892
48,59,1,0.9999846145374609
48,62,1,0.37028902461954416
48,66,0,0.0004321289323207033
48,86,1,0.9999993305515418
48,106,0,0.1963449917010765
48,113,0,0.00034739197711692476
48,121,1,0.9998666917152872
48,124,0,0.013978026232363822
48,125,1,0.9818674813131412
48,128,0,0.01780757172861268
48,130,0,7.159868874597589e-05
48,132,0,0.05128915924001363
48,134,0,0.0001957030819969263
48,137,0,0.0455726615827003
48,139,1,0.9407413356630893
48,143,1,0.9222134751921476
48,144,1,0.9405309906824368
48,148,0,0.001182966211767311
48,150,1,0.6283883722288197
48,153,0,0.028019864459128616
48,165,1,0.9999974620214578
48,168,0,0.0008760157465872288
48,175,1,0.9606585565131688
48,176,0,0.018093134429042774
48,177,0,0.04146944226274994
48,179,1,0.7851092366065371
48,183,1,0.9999999989772815
48,186,0,0.010448653181310448
48,194,0,0.0008786030915223259
48,200,0,0.002243313251203932
48,209,0,0.0030426032058430345
48,227,0,0.00019295422302098553
48,233,0,0.0025028832163048
48,237,1,0.9972519121269816
48,241,1,0.9999999998885285
48,242,0,0.00124976505176674
48,244,0,0.4423065028577538
48,260,0,0.022254322823681085
48,268,0,0.01232771807233727
48,270,1,0.9977512190770884
48,274,0,0.20139030860447152
48,276,0,4.63825411956991e-06
48,281,1,0.9999929519363534
48,282,0,8.718035197575018e-06
48,283,0,0.0014372790749557958
48,287,0,0.014074243150649104
48,292,0,0.03401626574940333
48,295,0,0.08353738671585696
48,299,0,0.18647471114253816
48,305,1,0.9897170944673026
48,320,1,0.9999934487636485
48,325,1,0.9267538934083748
48,329,0,0.0003895589743221706
48,333,1,0.9961759546212977
48,335,1,0.9921275602721367
48,337,1,0.2256318096558249
48,353,0,0.00018506965251077263
48,357,1,0.999999993139747
48,359,1,0.992914094933163
48,365,0,0.015363632180689604
48,385,0,0.0006185288893155456
48,386,1,0.9999999999980163
48,387,0,0.004881742084597901
48,390,1,0.7987883925871387
48,399,1,0.9999999999322722
48,401,0,0.0712570216124569
48,405,1,0.9999999869744813
48,411,0,0.005910174087269019
48,420,0,0.0019103285460494602
48,429,0,0.0002819246866862435
48,430,0,0.01702792615450082
48,445,0,0.0034346670698198398
48,446,1,0.9999999855953469
48,450,0,0.5001938241509163
48,457,0,0.0006028576397109004
48,459,0,0.00029500157324363933
48,462,1,0.9999689442923458
48,465,0,0.026219398596164768
48,469,0,0.00010034146623925636
48,470,1,0.9954350824161764
48,473,0,0.03526402823246084
48,475,0,0.002872935598631326
48,477,0,0.0003053035128120783
48,480,0,0.24003401364994714
49,4,1,0.9999991126831995
49,6,1,0.3163231900818652
49,16,1,0.9652290391480578
49,20,0,0.005284756479379912
49,23,0,0.0006868575646537495
49,29,0,0.00020760885922828015
49,33,0,0.02014279503673411
49,36,0,0.003124156921982848
49,42,1,0.9682996799916599
49,53,0,0.00409408034709815
49,54,0,0.0036345223472709506
49,67,0,0.00860282028313392
49,73,1,0.9999999870671489
49,80,0,0.002148491061418439
49,81,0,5.3769516702561555e-05
49,82,0,0.0014222684329464222
49,83,1,0.9408191418598872
49,84,1,0.9903595831647584
49,87,0,0.09589019629950757
49,88,0,0.0018416266321571945
49,100,1,0.9999845072860343
49,117,0,5.753340337472858e-05
49,118,1,0.3536020951060943
49,126,0,0.00020158520262704478
49,138,0,0.005186080255137894
49,147,1,0.9999964916627571
49,149,0,0.00265893682945491
49,156,0,5.436844758450786e-05
49,159,1,0.5315043589258177
49,163,1,0.9723129670827518
49,166,0,0.007159240652286382
49,172,0,0.0017884616965798599
49,173,0,0.04177443529700117
49,182,1,0.005944362626305474
49,184,1,0.993776187451348
49,189,0,0.002410745295014665
49,195,0,1.9569009806449923e-06
49,197,1,0.9612711651526424
49,201,0,0.00044190700065398984
49,210,1,0.9980311019393064
49,213,0,0.012815854968228426
49,217,0,2.932780733780378e-05
49,222,1,0.997654081533192
49,225,0,0.009371605675652171
49,234,0,0.020920042756981498
49,239,1,0.9999995499759406
49,240,1,0.009157249016328322
49,243,0,0.0031942866949361613
49,247,1,0.42042071867935316
49,248,0,0.0007207349647101358
49,258,0,0.008052859794520213
49,259,0,0.016494866040730208
49,261,0,7.227222918015249e-05
49,262,1,0.44046559016933795
49,264,0,0.007962280785741498
49,269,0,5.2124191890109906e-05
49,280,0,0.10453182884685926
49,302,0,0.13811337350411979
49,308,0,0.0016002023741112671
49,315,0,0.00034077801932026964
49,338,0,0.0008100576046082723
49,351,0,0.069078960090308
49,352,1,0.9999993895279167
49,360,1,0.9983649230988016
49,366,0,1.5174596918368737e-05
49,371,0,0.014026697873255858
49,372,1,0.9930166124185045
49,379,0,1.8767076244212016e-06
49,380,0,8.754073977565528e-05
49,384,0,0.0027325212643730112
49,388,0,0.05858433254597971
49,393,1,0.9999999999749445
49,398,1,0.9999988664736641
49,400,0,0.005761649762649749
49,403,1,0.994838257534429
49,404,0,0.0027577703336671574
49,410,1,0.9999559734696848
49,412,0,0.00637911303049831
49,413,1,0.9875149756757964
49,414,0,0.001461680680065629
49,422,0,0.16208199058425676
49,423,1,0.9924793818805174
49,426,0,0.06997844831644921
49,427,0,0.0033633506574046556
49,428,0,6.237751334948774e-05
49,435,1,0.918460047950924
49,436,1,0.9999774445648313
49,447,1,0.9998624978775804
49,448,0,0.0707405139987593
49,449,0,0.08991982614803534
49,453,0,0.00042698470318533997
49,455,1,0.9895807519021511
49,464,0,0.00041060936071347475
49,467,0,0.19513618634520136
49,471,1,0.9173354234906039
49,482,1,0.9999999999991311
50,0,0,0.00497998968454158
50,3,0,0.0010175918039603262
50,17,0,0.0002828362325389844
50,18,0,0.009812308792920948
50,22,0,0.017955634917280812
50,24,1,0.991712334235889
50,25,0,0.005662004114732871
50,35,0,0.009638359620006535
50,38,0,0.02672312360786196
50,41,0,0.0004379748833704637
50,43,1,0.999999956054196
50,45,0,0.001944242308931078
50,60,1,0.9788921311219213
50,61,1,0.9999999881770982
50,65,0,0.0030235836020696474
50,68,0,0.001964198855527728
50,69,1,0.9602944663434425
50,74,0,0.5802849334897286
50,75,0,0.40965102519530894
50,97,0,0.029269725072461332
50,99,1,0.999989004400858
50,101,1,0.9999999698805442
50,109,0,0.011400188295435654
50,110,0,0.002095020584228666
50,111,1,0.999999983223406
50,112,0,0.00013726669841768353
50,114,0,0.1576862222638814
50,115,0,0.034114377060973616
50,119,1,0.9999998448983232
50,127,0,0.00039644917443641307
50,135,1,0.9999999999979963
50,140,1,0.9999678723716805
50,160,1,0.12416659399111088
50,161,0,0.00012518523718989117
50,164,1,0.9242791923975548
50,167,0,0.0005752444565263988
50,170,0,0.024110196346460423
50,171,0,0.021935564441568585
50,180,0,1.1964886595655874e-05
50,188,1,0.9999998476094585
50,207,0,0.14427536133807264
50,216,1,0.9999879145397879
50,235,0,0.0016953604625602856
50,238,0,0.016095102328924863
50,245,1,0.9799080460309092
50,246,0,0.0019479840912247925
50,252,1,0.9999999999355134
50,254,1,0.9999999998113087
50,256,0,0.0009355938723532717
50,265,0,0.2279278501599724
50,266,0,0.07186438568724335
50,272,1,0.989460212220153
50,285,0,0.2785192472032032
50,286,1,0.9999999820579712
50,289,0,0.11856589988825217
50,298,1,0.9999999999999849
50,300,1,0.9007815383950235
50,301,0,0.0035948292279204073
50,303,1,0.9999957605148844
50,304,0,0.029747602835465955
50,307,1,0.1167640748301315
50,314,0,0.044963432651239615
50,318,1,0.999981586746918
50,324,0,0.001812093608402469
50,327,1,0.99999999678309
50,334,0,0.007078779328097207
50,341,1,0.8142190634073923
50,342,0,0.02694744917026376
50,343,0,0.0032887293437787843
50,344,0,0.0012925470499341987
50,349,0,0.002859412418918077
50,350,0,0.0008827009591885417
50,358,0,0.03708554978206593
50,361,1,0.9999999984755251
50,363,0,0.005013886569116904
50,364,1,0.9999995176944638
50,368,0,0.00819567130838061
50,382,0,0.02163477176036723
50,383,1,0.9999998037357019
50,392,0,0.0002700221730103697
50,395,1,0.9985714698186898
50,396,0,0.23071059615583622
50,406,1,0.6113512548334089
50,416,1,0.999979032626233
50,418,1,0.992059686564967
50,421,0,0.0003892272646347118
50,424,0,0.00020334732815130503
50,434,1,0.9999993857652862
50,439,1,0.999999989102768
50,440,0,0.0007408165867766323
50,441,0,0.34474794433269806
50,442,0,0.004642374134655305
50,452,0,5.585193768157745e-05
50,460,0,0.08591538892165301
50,466,0,0.42774276916075843
50,474,0,0.00019327195569297554
